"Journal Data Filtered By:  Selected Categories: HEALTH CARE SCIENCES & SERVICES Selected Editions: SCIE;SSCI;AHCI;ESCI Selected JCR Year: 2025 Selected Category Schema: WOS Selected Open Access: N Indicator: Custom"

Journal name,JCR Abbreviation,Publisher,ISSN,eISSN,Category,Edition,Total Citations,2025 JIF,JIF Rank
"JOURNAL OF MEDICAL INTERNET RESEARCH","J MED INTERNET RES","JMIR PUBLICATIONS, INC","1439-4456","1438-8871","HEALTH CARE SCIENCES & SERVICES","SCIE","66,779","8.2"," 8/194 ",
"BMC HEALTH SERVICES RESEARCH","BMC HEALTH SERV RES","BMC","N/A","1472-6963","HEALTH CARE SCIENCES & SERVICES","SCIE","51,962","3.3"," 63/194 ",
"JOURNAL OF CLINICAL EPIDEMIOLOGY","J CLIN EPIDEMIOL","ELSEVIER SCIENCE INC","0895-4356","1878-5921","HEALTH CARE SCIENCES & SERVICES","SCIE","47,404","5.8"," 23/194 ",
"Healthcare","HEALTHCARE-BASEL","MDPI","N/A","2227-9032","HEALTH CARE SCIENCES & SERVICES","SCIE","38,753","3.4"," 57/194 ",
"JOURNAL OF GENERAL INTERNAL MEDICINE","J GEN INTERN MED","SPRINGER","0884-8734","1525-1497","HEALTH CARE SCIENCES & SERVICES","SCIE","35,343","4.1"," 39/194 ",
"BMC Medical Research Methodology","BMC MED RES METHODOL","BMC","N/A","1471-2288","HEALTH CARE SCIENCES & SERVICES","SCIE","33,154","3.7"," 51/194 ",
"SUPPORTIVE CARE IN CANCER","SUPPORT CARE CANCER","SPRINGER","0941-4355","1433-7339","HEALTH CARE SCIENCES & SERVICES","SCIE","27,891","3.4"," 57/194 ",
"npj Digital Medicine","NPJ DIGIT MED","NATURE PORTFOLIO","2398-6352","2398-6352","HEALTH CARE SCIENCES & SERVICES","SCIE","25,262","18"," 1/194 ",
"ACADEMIC MEDICINE","ACAD MED","OXFORD UNIV PRESS","1040-2446","1938-808X","HEALTH CARE SCIENCES & SERVICES","SCIE","24,475","4.5"," 34/194 ",
"QUALITY OF LIFE RESEARCH","QUAL LIFE RES","SPRINGER","0962-9343","1573-2649","HEALTH CARE SCIENCES & SERVICES","SCIE","23,835","3.4"," 57/194 ",
"Implementation Science","IMPLEMENT SCI","BMC","1748-5908","1748-5908","HEALTH CARE SCIENCES & SERVICES","SCIE","23,777","10.2"," 4/194 ",
"HEALTH AFFAIRS","HEALTH AFFAIR","Health Affairs Publishing LLC","0278-2715","0278-2715","HEALTH CARE SCIENCES & SERVICES","SCIE","20,492","6.7"," 13/194 ",
"MEDICAL CARE","MED CARE","LIPPINCOTT WILLIAMS & WILKINS","0025-7079","1537-1948","HEALTH CARE SCIENCES & SERVICES","SCIE","19,977","1.9"," 128/194 ",
"JOURNAL OF THE AMERICAN MEDICAL INFORMATICS ASSOCIATION","J AM MED INFORM ASSN","OXFORD UNIV PRESS","1067-5027","1527-974X","HEALTH CARE SCIENCES & SERVICES","SCIE","18,887","7.1"," 10/194 ",
"VALUE IN HEALTH","VALUE HEALTH","ELSEVIER SCIENCE INC","1098-3015","1524-4733","HEALTH CARE SCIENCES & SERVICES","SCIE","17,374","6.2"," 17/194 ",
"JOURNAL OF PAIN AND SYMPTOM MANAGEMENT","J PAIN SYMPTOM MANAG","ELSEVIER SCIENCE INC","0885-3924","1873-6513","HEALTH CARE SCIENCES & SERVICES","SCIE","16,803","4"," 42/194 ",
"JMIR mHealth and uHealth","JMIR MHEALTH UHEALTH","JMIR PUBLICATIONS, INC","2291-5222","2291-5222","HEALTH CARE SCIENCES & SERVICES","SCIE","16,615","6.3"," 16/194 ",
"Health and Quality of Life Outcomes","HEALTH QUAL LIFE OUT","BMC","N/A","1477-7525","HEALTH CARE SCIENCES & SERVICES","SCIE","16,330","3.9"," 46/194 ",
"MEDICAL TEACHER","MED TEACH","TAYLOR & FRANCIS LTD","0142-159X","1466-187X","HEALTH CARE SCIENCES & SERVICES","SCIE","15,537","4"," 42/194 ",
"MEDICAL EDUCATION","MED EDUC","WILEY","0308-0110","1365-2923","HEALTH CARE SCIENCES & SERVICES","SCIE","13,985","6.2"," 17/194 ",
"INTERNATIONAL JOURNAL OF MEDICAL INFORMATICS","INT J MED INFORM","ELSEVIER IRELAND LTD","1386-5056","1872-8243","HEALTH CARE SCIENCES & SERVICES","SCIE","12,781","5"," 25/194 ",
"HEALTH SERVICES RESEARCH","HEALTH SERV RES","WILEY","0017-9124","1475-6773","HEALTH CARE SCIENCES & SERVICES","SCIE","11,145","3"," 72/194 ",
"INTERNATIONAL JOURNAL FOR QUALITY IN HEALTH CARE","INT J QUAL HEALTH C","OXFORD UNIV PRESS","1353-4505","1464-3677","HEALTH CARE SCIENCES & SERVICES","SCIE","11,130","2.6"," 89/194 ",
"HEALTH EXPECTATIONS","HEALTH EXPECT","WILEY","1369-6513","1369-7625","HEALTH CARE SCIENCES & SERVICES","SCIE","9,821","3.4"," 57/194 ",
"HEALTH POLICY","HEALTH POLICY","ELSEVIER IRELAND LTD","0168-8510","1872-6054","HEALTH CARE SCIENCES & SERVICES","SCIE","9,762","4.7"," 29/194 ",
"STATISTICAL METHODS IN MEDICAL RESEARCH","STAT METHODS MED RES","SAGE PUBLICATIONS LTD","0962-2802","1477-0334","HEALTH CARE SCIENCES & SERVICES","SCIE","9,631","2.4"," 97/194 ",
"Digital Health","DIGIT HEALTH","SAGE PUBLICATIONS LTD","2055-2076","2055-2076","HEALTH CARE SCIENCES & SERVICES","SCIE","9,301","3.9"," 46/194 ",
"JOURNAL OF HEALTH ECONOMICS","J HEALTH ECON","ELSEVIER","0167-6296","1879-1646","HEALTH CARE SCIENCES & SERVICES","SCIE","9,256","3.8"," 49/194 ",
"Lancet Regional Health-Europe","LANCET REG HEALTH-EU","ELSEVIER","2666-7762","2666-7762","HEALTH CARE SCIENCES & SERVICES","SCIE","9,075","15.7"," 2/194 ",
"PALLIATIVE MEDICINE","PALLIATIVE MED","SAGE PUBLICATIONS LTD","0269-2163","1477-030X","HEALTH CARE SCIENCES & SERVICES","SCIE","9,020","6.4"," 14/194 ",
"JMIR Formative Research","JMIR FORM RES","JMIR PUBLICATIONS, INC","N/A","2561-326X","HEALTH CARE SCIENCES & SERVICES","ESCI","8,816","2.4"," 97/194 ",
"BMJ Quality & Safety","BMJ QUAL SAF","BMJ PUBLISHING GROUP","2044-5415","2044-5423","HEALTH CARE SCIENCES & SERVICES","SCIE","8,430","6.8"," 11/194 ",
"JOURNAL OF MEDICAL SYSTEMS","J MED SYST","SPRINGER","0148-5598","1573-689X","HEALTH CARE SCIENCES & SERVICES","SCIE","8,300","8.8"," 7/194 ",
"PHARMACOECONOMICS","PHARMACOECONOMICS","ADIS INT LTD","1170-7690","1179-2027","HEALTH CARE SCIENCES & SERVICES","SCIE","8,214","4.7"," 29/194 ",
"HEALTH ECONOMICS","HEALTH ECON","WILEY","1057-9230","1099-1050","HEALTH CARE SCIENCES & SERVICES","SCIE","8,092","2"," 124/194 ",
"JOURNAL OF PALLIATIVE MEDICINE","J PALLIAT MED","SAGE PUBLICATIONS INC","1096-6218","1557-7740","HEALTH CARE SCIENCES & SERVICES","SCIE","7,816","1.8"," 136/194 ",
"HEALTH POLICY AND PLANNING","HEALTH POLICY PLANN","OXFORD UNIV PRESS","0268-1080","1460-2237","HEALTH CARE SCIENCES & SERVICES","SCIE","7,635","3.5"," 54/194 ",
"MEDICAL DECISION MAKING","MED DECIS MAKING","SAGE PUBLICATIONS INC","0272-989X","1552-681X","HEALTH CARE SCIENCES & SERVICES","SCIE","7,373","2"," 124/194 ",
"Lancet Regional Health-Western Pacific","LANCET REG HEALTH-W","ELSEVIER","N/A","2666-6065","HEALTH CARE SCIENCES & SERVICES","SCIE","7,348","9.4"," 5/194 ",
"BMC Palliative Care","BMC PALLIAT CARE","BMC","1472-684X","1472-684X","HEALTH CARE SCIENCES & SERVICES","SCIE","7,155","3.7"," 51/194 ",
"Journal of Multidisciplinary Healthcare","J MULTIDISCIP HEALTH","DOVE MEDICAL PRESS LTD","1178-2390","1178-2390","HEALTH CARE SCIENCES & SERVICES","SCIE","7,113","3"," 72/194 ",
"JOURNAL OF EVALUATION IN CLINICAL PRACTICE","J EVAL CLIN PRACT","WILEY","1356-1294","1365-2753","HEALTH CARE SCIENCES & SERVICES","SCIE","6,609","1.5"," 148/194 ",
"JBI Evidence Synthesis","JBI EVID SYNTH","LIPPINCOTT WILLIAMS & WILKINS","N/A","2689-8381","HEALTH CARE SCIENCES & SERVICES","ESCI","6,521","6.8"," 11/194 ",
"JMIR Research Protocols","JMIR RES PROTOC","JMIR PUBLICATIONS, INC","1929-0748","1929-0748","HEALTH CARE SCIENCES & SERVICES","ESCI","6,344","1.6"," 142/194 ",
"Telemedicine and e-Health","TELEMED E-HEALTH","SAGE PUBLICATIONS INC","1530-5627","1556-3669","HEALTH CARE SCIENCES & SERVICES","SCIE","6,288","2.1"," 117/194 ",
"HEALTH TECHNOLOGY ASSESSMENT","HEALTH TECHNOL ASSES","NIHR JOURNALS LIBRARY","1366-5278","2046-4924","HEALTH CARE SCIENCES & SERVICES","SCIE","5,893","3.4"," 57/194 ",
"Frontiers in Digital Health","FRONT DIGIT HEALTH","FRONTIERS MEDIA SA","N/A","2673-253X","HEALTH CARE SCIENCES & SERVICES","ESCI","5,534","5.2"," 24/194 ",
"MILBANK QUARTERLY","MILBANK Q","WILEY","0887-378X","1468-0009","HEALTH CARE SCIENCES & SERVICES","SCIE","5,495","6.2"," 17/194 ",
"JAMA Health Forum","JAMA-HEALTH FORUM","AMER MEDICAL ASSOC","2689-0186","2689-0186","HEALTH CARE SCIENCES & SERVICES","SCIE","5,374","12.5"," 3/194 ",
"Lancet Regional Health-Americas","LANCET REG HEALTH-AM","ELSEVIER","2667-193X","2667-193X","HEALTH CARE SCIENCES & SERVICES","ESCI","5,339","9.1"," 6/194 ",
"JOURNAL OF TELEMEDICINE AND TELECARE","J TELEMED TELECARE","SAGE PUBLICATIONS LTD","1357-633X","1758-1109","HEALTH CARE SCIENCES & SERVICES","SCIE","5,263","3.3"," 63/194 ",
"AMERICAN JOURNAL OF MANAGED CARE","AM J MANAG CARE","MANAGED CARE & HEALTHCARE COMMUNICATIONS LLC","1088-0224","N/A","HEALTH CARE SCIENCES & SERVICES","SCIE","5,205","2.1"," 117/194 ",
"ADVANCES IN HEALTH SCIENCES EDUCATION","ADV HEALTH SCI EDUC","SPRINGER","1382-4996","1573-1677","HEALTH CARE SCIENCES & SERVICES","SCIE","5,115","3.4"," 57/194 ",
"Risk Management and Healthcare Policy","RISK MANAG HEALTHC P","DOVE MEDICAL PRESS LTD","N/A","1179-1594","HEALTH CARE SCIENCES & SERVICES","SCIE","5,026","2.6"," 89/194 ",
"EUROPEAN JOURNAL OF CANCER CARE","EUR J CANCER CARE","WILEY","0961-5423","1365-2354","HEALTH CARE SCIENCES & SERVICES","SCIE","5,014","1.1"," 171/194 ",
"Journal of Interprofessional Care","J INTERPROF CARE","TAYLOR & FRANCIS INC","1356-1820","1469-9567","HEALTH CARE SCIENCES & SERVICES","SCIE","4,951","2.3"," 106/194 ",
"Therapeutics and Clinical Risk Management","THER CLIN RISK MANAG","DOVE MEDICAL PRESS LTD","N/A","1178-203X","HEALTH CARE SCIENCES & SERVICES","SCIE","4,733","2.6"," 89/194 ",
"PLOS Digital Health","PLOS DIGIT HEALTH","PUBLIC LIBRARY SCIENCE","N/A","2767-3170","HEALTH CARE SCIENCES & SERVICES","ESCI","4,455","7.7"," 9/194 ",
"Disability and Health Journal","DISABIL HEALTH J","ELSEVIER SCIENCE INC","1936-6574","1876-7583","HEALTH CARE SCIENCES & SERVICES","SCIE","4,352","3"," 72/194 ",
"American Journal of Hospice & Palliative Medicine","AM J HOSP PALLIAT ME","SAGE PUBLICATIONS INC","1049-9091","1938-2715","HEALTH CARE SCIENCES & SERVICES","SCIE","4,325","1.4"," 153/194 ",
"BMJ Supportive & Palliative Care","BMJ SUPPORT PALLIAT","BMJ PUBLISHING GROUP","2045-435X","2045-4368","HEALTH CARE SCIENCES & SERVICES","SCIE","4,313","2.5"," 94/194 ",
"International Journal of Health Policy and Management","INT J HEALTH POLICY","KERMAN UNIV MEDICAL SCIENCES","N/A","2322-5939","HEALTH CARE SCIENCES & SERVICES","SCIE","4,310","4.9"," 27/194 ",
"JOURNAL OF SCHOOL HEALTH","J SCHOOL HEALTH","WILEY","0022-4391","1746-1561","HEALTH CARE SCIENCES & SERVICES","SCIE","4,246","1.8"," 136/194 ",
"JOURNAL OF MEDICAL ECONOMICS","J MED ECON","TAYLOR & FRANCIS LTD","1369-6998","1941-837X","HEALTH CARE SCIENCES & SERVICES","SCIE","4,043","3.1"," 69/194 ",
"JOURNAL OF RURAL HEALTH","J RURAL HEALTH","WILEY","0890-765X","1748-0361","HEALTH CARE SCIENCES & SERVICES","SCIE","3,956","3.2"," 67/194 ",
"Journal of Managed Care & Specialty Pharmacy","J MANAG CARE SPEC PH","ACAD MANAGED CARE PHARMACY","2376-0540","2376-1032","HEALTH CARE SCIENCES & SERVICES","SCIE","3,917","3.3"," 63/194 ",
"JMIR Serious Games","JMIR SERIOUS GAMES","JMIR PUBLICATIONS, INC","2291-9279","2291-9279","HEALTH CARE SCIENCES & SERVICES","SCIE","3,631","4.7"," 29/194 ",
"Internet Interventions-The Application of Information Technology in Mental and Behavioural Health","INTERNET INTERV","ELSEVIER","N/A","2214-7829","HEALTH CARE SCIENCES & SERVICES","SCIE","3,562","3.8"," 49/194 ",
"INQUIRY-THE JOURNAL OF HEALTH CARE ORGANIZATION PROVISION AND FINANCING","INQUIRY-J HEALTH CAR","SAGE PUBLICATIONS INC","0046-9580","1945-7243","HEALTH CARE SCIENCES & SERVICES","SCIE","3,492","3"," 72/194 ",
"EASTERN MEDITERRANEAN HEALTH JOURNAL","E MEDITERR HEALTH J","WHO EASTERN MEDITERRANEAN REGIONAL OFFICE","1020-3397","1687-1634","HEALTH CARE SCIENCES & SERVICES","SCIE","3,394","1.9"," 128/194 ",
"JOURNAL OF MANIPULATIVE AND PHYSIOLOGICAL THERAPEUTICS","J MANIP PHYSIOL THER","MOSBY-ELSEVIER","0161-4754","N/A","HEALTH CARE SCIENCES & SERVICES","SCIE","3,361","1.4"," 153/194 ",
"JMIR Human Factors","JMIR HUM FACTORS","JMIR PUBLICATIONS, INC","2292-9495","2292-9495","HEALTH CARE SCIENCES & SERVICES","ESCI","3,291","3.9"," 46/194 ",
"BMJ Open Quality","BMJ OPEN QUAL","BMJ PUBLISHING GROUP","N/A","2399-6641","HEALTH CARE SCIENCES & SERVICES","ESCI","3,135","2.1"," 117/194 ",
"Expert Review of Pharmacoeconomics & Outcomes Research","EXPERT REV PHARM OUT","TAYLOR & FRANCIS LTD","1473-7167","1744-8379","HEALTH CARE SCIENCES & SERVICES","SCIE","3,071","2.2"," 111/194 ",
"Journal of Patient Safety","J PATIENT SAF","LIPPINCOTT WILLIAMS & WILKINS","1549-8417","1549-8425","HEALTH CARE SCIENCES & SERVICES","SCIE","3,051","1.9"," 128/194 ",
"INTERNATIONAL JOURNAL OF TECHNOLOGY ASSESSMENT IN HEALTH CARE","INT J TECHNOL ASSESS","CAMBRIDGE UNIV PRESS","0266-4623","1471-6348","HEALTH CARE SCIENCES & SERVICES","SCIE","3,037","3"," 72/194 ",
"International Journal of Integrated Care","INT J INTEGR CARE","UBIQUITY PRESS LTD","1568-4156","1568-4156","HEALTH CARE SCIENCES & SERVICES","SCIE","3,033","2.7"," 82/194 ",
"Patient-Patient Centered Outcomes Research","PATIENT","ADIS INT LTD","1178-1653","1178-1661","HEALTH CARE SCIENCES & SERVICES","SCIE","2,959","4.4"," 36/194 ",
"Journal of Patient-Reported Outcomes","J PATIENT-REP OUTCOM","SPRINGERNATURE","N/A","2509-8020","HEALTH CARE SCIENCES & SERVICES","ESCI","2,912","2.9"," 78/194 ",
"Perspectives on Medical Education","PERSPECT MED EDUC","UBIQUITY PRESS LTD","2212-2761","2212-277X","HEALTH CARE SCIENCES & SERVICES","SCIE","2,881","3.5"," 54/194 ",
"TECHNOLOGY AND HEALTH CARE","TECHNOL HEALTH CARE","SAGE PUBLICATIONS INC","0928-7329","1878-7401","HEALTH CARE SCIENCES & SERVICES","SCIE","2,878","1.3"," 162/194 ",
"Joint Commission Journal on Quality and Patient Safety","JT COMM J QUAL PATIE","ACADEMIC PRESS INC ELSEVIER SCIENCE","1553-7250","1938-131X","HEALTH CARE SCIENCES & SERVICES","ESCI","2,834","3"," 72/194 ",
"Health Informatics Journal","HEALTH INFORM J","SAGE PUBLICATIONS INC","1460-4582","1741-2811","HEALTH CARE SCIENCES & SERVICES","SCIE","2,792","2.2"," 111/194 ",
"Applied Health Economics and Health Policy","APPL HEALTH ECON HEA","SPRINGER INT PUBL AG","1175-5652","1179-1896","HEALTH CARE SCIENCES & SERVICES","SCIE","2,746","3.1"," 69/194 ",
"Implementation Science Communications","IMPLEMENT SCI COMMUN","SPRINGERNATURE","N/A","2662-2211","HEALTH CARE SCIENCES & SERVICES","ESCI","2,723","3.5"," 54/194 ",
"MEDICAL CARE RESEARCH AND REVIEW","MED CARE RES REV","SAGE PUBLICATIONS INC","1077-5587","1552-6801","HEALTH CARE SCIENCES & SERVICES","SCIE","2,687","2.7"," 82/194 ",
"Research Involvement and Engagement","RES INVOLVE ENGAGEM","SPRINGERNATURE","N/A","2056-7529","HEALTH CARE SCIENCES & SERVICES","ESCI","2,678","4.1"," 39/194 ",
"Simulation in Healthcare-Journal of the Society for Simulation in Healthcare","SIMUL HEALTHC","LIPPINCOTT WILLIAMS & WILKINS","1559-2332","1559-713X","HEALTH CARE SCIENCES & SERVICES","SCIE","2,645","2.9"," 78/194 ",
"JAMIA Open","JAMIA OPEN","OXFORD UNIV PRESS","N/A","2574-2531","HEALTH CARE SCIENCES & SERVICES","ESCI","2,643","4.7"," 29/194 ",
"Ethiopian Journal of Health Sciences","ETHIOP J HEALTH SCI","JIMMA UNIV, ETHIOPIA","1029-1857","2413-7170","HEALTH CARE SCIENCES & SERVICES","ESCI","2,593","1.2"," 167/194 ",
"Journal of Patient Experience","J PATIENT EXPERIENCE","SAGE PUBLICATIONS INC","2374-3743","2374-3735","HEALTH CARE SCIENCES & SERVICES","ESCI","2,549","2"," 124/194 ",
"Australian Health Review","AUST HEALTH REV","CSIRO PUBLISHING","0156-5788","1449-8944","HEALTH CARE SCIENCES & SERVICES","SCIE","2,435","1.3"," 162/194 ",
"TEACHING AND LEARNING IN MEDICINE","TEACH LEARN MED","ROUTLEDGE JOURNALS, TAYLOR & FRANCIS LTD","1040-1334","1532-8015","HEALTH CARE SCIENCES & SERVICES","SCIE","2,331","2.4"," 97/194 ",
"HASTINGS CENTER REPORT","HASTINGS CENT REP","WILEY","0093-0334","1552-146X","HEALTH CARE SCIENCES & SERVICES","SCIE","2,278","2.7"," 82/194 ",
"Gaceta Sanitaria","GAC SANIT","ELSEVIER","0213-9111","1578-1283","HEALTH CARE SCIENCES & SERVICES","SCIE","2,226","1.5"," 148/194 ",
"Journal of Comparative Effectiveness Research","J COMP EFFECT RES","Becaris Publishing","2042-6305","2042-6313","HEALTH CARE SCIENCES & SERVICES","SCIE","2,099","2.8"," 81/194 ",
"SCANDINAVIAN JOURNAL OF PRIMARY HEALTH CARE","SCAND J PRIM HEALTH","TAYLOR & FRANCIS LTD","0281-3432","1502-7724","HEALTH CARE SCIENCES & SERVICES","SCIE","1,952","1.9"," 128/194 ",
"Lancet Regional Health - Southeast Asia","LANCET REG HLTH-SE A","ELSEVIER","2772-3682","2772-3682","HEALTH CARE SCIENCES & SERVICES","ESCI","1,947","6.4"," 14/194 ",
"Journal of the American Association of Nurse Practitioners","J AM ASSOC NURSE PRA","LIPPINCOTT WILLIAMS & WILKINS","2327-6886","2327-6924","HEALTH CARE SCIENCES & SERVICES","SCIE","1,881","1.4"," 153/194 ",
"JOURNAL OF CONTINUING EDUCATION IN THE HEALTH PROFESSIONS","J CONTIN EDUC HEALTH","LIPPINCOTT WILLIAMS & WILKINS","0894-1912","1554-558X","HEALTH CARE SCIENCES & SERVICES","SCIE","1,678","1.8"," 136/194 ",
"ClinicoEconomics and Outcomes Research","CLINICOECONOMIC OUTC","DOVE MEDICAL PRESS LTD","1178-6981","1178-6981","HEALTH CARE SCIENCES & SERVICES","ESCI","1,664","2.6"," 89/194 ",
"EVALUATION & THE HEALTH PROFESSIONS","EVAL HEALTH PROF","SAGE PUBLICATIONS INC","0163-2787","1552-3918","HEALTH CARE SCIENCES & SERVICES","SCIE","1,658","1.9"," 128/194 ",
"BMJ Health & Care Informatics","BMJ HEALTH CARE INFO","BMJ PUBLISHING GROUP","N/A","2632-1009","HEALTH CARE SCIENCES & SERVICES","ESCI","1,626","6.2"," 17/194 ",
"JOURNAL OF HEALTH POLITICS POLICY AND LAW","J HEALTH POLIT POLIC","DUKE UNIV PRESS","0361-6878","N/A","HEALTH CARE SCIENCES & SERVICES","SCIE","1,610","2.7"," 82/194 ",
"Value in Health Regional Issues","VALUE HEALTH REG ISS","ELSEVIER","2212-1099","2212-1099","HEALTH CARE SCIENCES & SERVICES","ESCI","1,587","1.9"," 128/194 ",
"JOURNAL OF BEHAVIORAL HEALTH SERVICES & RESEARCH","J BEHAV HEALTH SER R","SPRINGER","1094-3412","1556-3308","HEALTH CARE SCIENCES & SERVICES","SCIE","1,581","1.6"," 142/194 ",
"JOURNAL OF PUBLIC HEALTH POLICY","J PUBLIC HEALTH POL","PALGRAVE MACMILLAN LTD","0197-5897","1745-655X","HEALTH CARE SCIENCES & SERVICES","SCIE","1,565","2.1"," 117/194 ",
"Population Health Management","POPUL HEALTH MANAG","SAGE PUBLICATIONS INC","1942-7891","1942-7905","HEALTH CARE SCIENCES & SERVICES","SCIE","1,563","2.1"," 117/194 ",
"Current Opinion in Supportive and Palliative Care","CURR OPIN SUPPORT PA","LIPPINCOTT WILLIAMS & WILKINS","1751-4258","1751-4266","HEALTH CARE SCIENCES & SERVICES","SCIE","1,562","2.3"," 106/194 ",
"AIMS Public Health","AIMS PUBLIC HEALTH","AMER INST MATHEMATICAL SCIENCES-AIMS","2327-8994","2327-8994","HEALTH CARE SCIENCES & SERVICES","ESCI","1,548","4"," 42/194 ",
"Mayo Clinic Proceedings-Innovations Quality & Outcomes","MAYO CLIN P INN QUAL","ELSEVIER","N/A","2542-4548","HEALTH CARE SCIENCES & SERVICES","ESCI","1,543","4.5"," 34/194 ",
"Indian Journal of Palliative Care","INDIAN J PALLIAT CAR","SCIENTIFIC SCHOLAR LLC","0973-1075","1998-3735","HEALTH CARE SCIENCES & SERVICES","ESCI","1,540","1.8"," 136/194 ",
"Frontiers in Health Services","FRONT HEALTH SERV","FRONTIERS MEDIA SA","N/A","2813-0146","HEALTH CARE SCIENCES & SERVICES","ESCI","1,527","2.6"," 89/194 ",
"METHODS OF INFORMATION IN MEDICINE","METHOD INFORM MED","GEORG THIEME VERLAG KG","0026-1270","2511-705X","HEALTH CARE SCIENCES & SERVICES","SCIE","1,493","2.4"," 97/194 ",
"Australian Journal of Primary Health","AUST J PRIM HEALTH","CSIRO PUBLISHING","1448-7527","1836-7399","HEALTH CARE SCIENCES & SERVICES","SCIE","1,463","1.4"," 153/194 ",
"JOURNAL OF PALLIATIVE CARE","J PALLIAT CARE","SAGE PUBLICATIONS INC","0825-8597","2369-5293","HEALTH CARE SCIENCES & SERVICES","SCIE","1,462","1.6"," 142/194 ",
"BULLETIN OF THE HISTORY OF MEDICINE","B HIST MED","JOHNS HOPKINS UNIV PRESS","0007-5140","1086-3176","HEALTH CARE SCIENCES & SERVICES","SCIE","1,441","0.7"," 179/194 ",
"Health Services Insights","HEALTH SERV INSIGHTS","SAGE PUBLICATIONS INC","1178-6329","1178-6329","HEALTH CARE SCIENCES & SERVICES","ESCI","1,437","2.1"," 117/194 ",
"AMERICAN JOURNAL OF MEDICAL QUALITY","AM J MED QUAL","LIPPINCOTT WILLIAMS & WILKINS","1062-8606","1555-824X","HEALTH CARE SCIENCES & SERVICES","SCIE","1,402","1.1"," 171/194 ",
"HEALTHCARE MANAGEMENT FORUM","HEALTHC MANAG FORUM","SAGE PUBLICATIONS INC","0840-4704","2352-3883","HEALTH CARE SCIENCES & SERVICES","ESCI","1,380","2.4"," 97/194 ",
"Families Systems & Health","FAM SYST HEALTH","EDUCATIONAL PUBLISHING FOUNDATION-AMERICAN PSYCHOLOGICAL ASSOC","1091-7527","1939-0602","HEALTH CARE SCIENCES & SERVICES","SCIE","1,299","1.2"," 167/194 ",
"Chronic Illness","CHRONIC ILLN","SAGE PUBLICATIONS LTD","1742-3953","1745-9206","HEALTH CARE SCIENCES & SERVICES","SCIE","1,266","1.4"," 153/194 ",
"Advances in Simulation","ADV SIMUL","SPRINGERNATURE","N/A","2059-0628","HEALTH CARE SCIENCES & SERVICES","ESCI","1,246","3.6"," 53/194 ",
"CAMBRIDGE QUARTERLY OF HEALTHCARE ETHICS","CAMB Q HEALTHC ETHIC","CAMBRIDGE UNIV PRESS","0963-1801","1469-2147","HEALTH CARE SCIENCES & SERVICES","SCIE","1,230","2.3"," 106/194 ",
"Pharmacoeconomics-Open","PHARMACOECON-OPEN","SPRINGER INT PUBL AG","2509-4262","2509-4254","HEALTH CARE SCIENCES & SERVICES","ESCI","1,214","2.4"," 97/194 ",
"mHealth","MHEALTH","AME PUBLISHING COMPANY","N/A","2306-9740","HEALTH CARE SCIENCES & SERVICES","ESCI","1,195","3.3"," 63/194 ",
"MEDICAL HISTORY","MED HIST","CAMBRIDGE UNIV PRESS","0025-7273","2048-8343","HEALTH CARE SCIENCES & SERVICES","SCIE","1,159","1.1"," 171/194 ",
"NEJM Catalyst Innovations in Care Delivery","NEJM CATAL INNOV CAR","MASSACHUSETTS MEDICAL SOC","N/A","2642-0007","HEALTH CARE SCIENCES & SERVICES","ESCI","1,113","4.4"," 36/194 ",
"Patient-Related Outcome Measures","PATIENT-RELAT OUTCOM","DOVE MEDICAL PRESS LTD","1179-271X","1179-271X","HEALTH CARE SCIENCES & SERVICES","ESCI","1,068","2.4"," 97/194 ",
"Health Affairs Scholar","HLTH AFF SCH","OXFORD UNIV PRESS","N/A","2976-5390","HEALTH CARE SCIENCES & SERVICES","ESCI","1,045","4.1"," 39/194 ",
"JMIR Rehabilitation and Assistive Technologies","JMIR REHABIL ASSIST","JMIR PUBLICATIONS, INC","N/A","2369-2529","HEALTH CARE SCIENCES & SERVICES","ESCI","1,034","3.1"," 69/194 ",
"Health SA Gesondheid","HEALTH SA GESONDHEID","AOSIS","1025-9848","2071-9736","HEALTH CARE SCIENCES & SERVICES","ESCI","1,032","1.3"," 162/194 ",
"Geospatial Health","GEOSPATIAL HEALTH","UNIV NAPLES FEDERICO II","1827-1987","1970-7096","HEALTH CARE SCIENCES & SERVICES","SCIE","989","1.5"," 148/194 ",
"International Journal of Population Data Science (IJPDS)","INT J POPUL DATA SCI","SWANSEA UNIV","N/A","2399-4908","HEALTH CARE SCIENCES & SERVICES","ESCI","944","2.7"," 82/194 ",
"Learning Health Systems","LEARN HEALTH SYST","WILEY","2379-6146","2379-6146","HEALTH CARE SCIENCES & SERVICES","ESCI","928","2.3"," 106/194 ",
"African Journal of Disability","AFR J DISABIL","AOSIS","2223-9170","2226-7220","HEALTH CARE SCIENCES & SERVICES","ESCI","926","1.6"," 142/194 ",
"Journal of Healthcare Informatics Research","J HEALTHC INFORM RES","SPRINGERNATURE","2509-4971","2509-498X","HEALTH CARE SCIENCES & SERVICES","ESCI","919","4.6"," 33/194 ",
"Informatics for Health & Social Care","INFORM HEALTH SOC CA","TAYLOR & FRANCIS INC","1753-8157","1753-8165","HEALTH CARE SCIENCES & SERVICES","SCIE","905","1.7"," 141/194 ",
"Annali di Igiene Medicina Preventiva e di Comunita","ANN IG MED PREV COMU","MATTIOLI 1885","1120-9135","1120-9135","HEALTH CARE SCIENCES & SERVICES","ESCI","878","2.4"," 97/194 ",
"Health Services and Outcomes Research Methodology","HEALTH SERV OUTCOME","SPRINGER","1387-3741","1572-9400","HEALTH CARE SCIENCES & SERVICES","ESCI","838","2.2"," 111/194 ",
"PEC Innovation","PEC INNOV","ELSEVIER","N/A","2772-6282","HEALTH CARE SCIENCES & SERVICES","ESCI","794","2.1"," 117/194 ",
"JOURNAL OF THE HISTORY OF MEDICINE AND ALLIED SCIENCES","J HIST MED ALL SCI","OXFORD UNIV PRESS INC","0022-5045","1468-4373","HEALTH CARE SCIENCES & SERVICES","SCIE","791","0.4"," 185/194 ",
"JMIR AI","JMIR AI","JMIR PUBLICATIONS, INC","N/A","2817-1705","HEALTH CARE SCIENCES & SERVICES","ESCI","789","6.1"," 21/194 ",
"JMIR Diabetes","JMIR DIABETES","JMIR PUBLICATIONS, INC","2371-4379","2371-4379","HEALTH CARE SCIENCES & SERVICES","ESCI","778","2.9"," 78/194 ",
"JBI Evidence Implementation","JBI EVID IMPLEMENT","LIPPINCOTT WILLIAMS & WILKINS","2691-3321","2691-3321","HEALTH CARE SCIENCES & SERVICES","SCIE","777","2"," 124/194 ",
"Journal for Healthcare Quality","J HEALTHC QUAL","LIPPINCOTT WILLIAMS & WILKINS","1062-2551","1945-1474","HEALTH CARE SCIENCES & SERVICES","SCIE","762","1.1"," 171/194 ",
"Palliative Care & Social Practice","PALLIAT CARE SOC PR","SAGE PUBLICATIONS INC","2632-3524","2632-3524","HEALTH CARE SCIENCES & SERVICES","ESCI","753","2.7"," 82/194 ",
"Mayo Clinic Proceedings: Digital Health","MAYO CLIN P DIGIT H","ELSEVIER","N/A","2949-7612","HEALTH CARE SCIENCES & SERVICES","ESCI","745","5"," 25/194 ",
"Implementation Research and Practice","IMPLEMENT RES PRACT","SAGE PUBLICATIONS INC","2633-4895","2633-4895","HEALTH CARE SCIENCES & SERVICES","ESCI","733","2.2"," 111/194 ",
"BMJ Leader","BMJ LEAD","BMJ PUBLISHING GROUP","N/A","2398-631X","HEALTH CARE SCIENCES & SERVICES","ESCI","718","2.4"," 97/194 ",
"JOURNAL OF AMBULATORY CARE MANAGEMENT","J AMBUL CARE MANAG","LIPPINCOTT WILLIAMS & WILKINS","0148-9917","1550-3267","HEALTH CARE SCIENCES & SERVICES","ESCI","670","1.3"," 162/194 ",
"Journal of Health Research","J HEALTH RES","COLL PUBLIC HEALTH SCIENCES, CHULALONGKORN UNIV","0857-4421","2586-940X","HEALTH CARE SCIENCES & SERVICES","ESCI","670","0.4"," 185/194 ",
"Quality Management in Health Care","QUAL MANAG HEALTH CA","LIPPINCOTT WILLIAMS & WILKINS","1063-8628","1550-5154","HEALTH CARE SCIENCES & SERVICES","SCIE","659","1.4"," 153/194 ",
"Drug Healthcare and Patient Safety","DRUG HEALTHC PATIENT","DOVE MEDICAL PRESS LTD","1179-1365","1179-1365","HEALTH CARE SCIENCES & SERVICES","ESCI","621","4.3"," 38/194 ",
"MDM Policy & Practice","MDM POLICY PRACT","SAGE PUBLICATIONS INC","N/A","2381-4683","HEALTH CARE SCIENCES & SERVICES","ESCI","577","1.9"," 128/194 ",
"Operations Research for Health Care","OPER RES HEALTH CARE","ELSEVIER","2211-6923","2211-6923","HEALTH CARE SCIENCES & SERVICES","ESCI","567","1.5"," 148/194 ",
"JMIR Infodemiology","JMIR INFODEMIOL","JMIR PUBLICATIONS, INC","N/A","2564-1891","HEALTH CARE SCIENCES & SERVICES","ESCI","564","4"," 42/194 ",
"BMJ Innovations","BMJ INNOV","BMJ PUBLISHING GROUP","2055-8074","2055-642X","HEALTH CARE SCIENCES & SERVICES","ESCI","525","1.6"," 142/194 ",
"International Journal of Telemedicine and Applications","INT J TELEMED APPL","WILEY","1687-6415","1687-6423","HEALTH CARE SCIENCES & SERVICES","ESCI","516","2.2"," 111/194 ",
"Online Journal of Public Health Informatics","ONLINE J PUBLIC HLTH","JMIR PUBLICATIONS, INC","N/A","1947-2579","HEALTH CARE SCIENCES & SERVICES","ESCI","494","1.4"," 153/194 ",
"Health Care Science","HEALTH CARE SCI","WILEY","2771-1749","2771-1757","HEALTH CARE SCIENCES & SERVICES","ESCI","493","6"," 22/194 ",
"Journal of Pharmaceutical Health Services Research","J PHARM HEALTH SERV","OXFORD UNIV PRESS","1759-8885","1759-8893","HEALTH CARE SCIENCES & SERVICES","ESCI","491","1.1"," 171/194 ",
"Journal of Health Economics and Outcomes Research","J HEALTH ECON OUTCOM","COLUMBIA DATA ANALYTICS, LLC","2327-2236","2327-2236","HEALTH CARE SCIENCES & SERVICES","ESCI","477","2.5"," 94/194 ",
"BMC Digital Health","BMC DIGIT HEALTH","SPRINGERNATURE","N/A","2731-684X","HEALTH CARE SCIENCES & SERVICES","ESCI","456","3.2"," 67/194 ",
"Journal of Patient-Centered Research and Reviews","J PATIENT-CENTER RES","AURORA HEALTH CARE, INC","2330-068X","2330-0698","HEALTH CARE SCIENCES & SERVICES","ESCI","454","2.5"," 94/194 ",
"Palliative Medicine Reports","PALLIAT MED REP","SAGE PUBLICATIONS INC","2689-2820","2689-2820","HEALTH CARE SCIENCES & SERVICES","ESCI","454","1.3"," 162/194 ",
"Internet Journal of Allied Health Sciences and Practice","INTERNET J ALLIED HE","NOVA SOUTHEASTERN UNIV","1540-580X","1540-580X","HEALTH CARE SCIENCES & SERVICES","ESCI","434","0.4"," 185/194 ",
"Health Data Science","HEALTH DATA SCI","AMER ASSOC ADVANCEMENT SCIENCE","N/A","2765-8783","HEALTH CARE SCIENCES & SERVICES","ESCI","391","4.8"," 28/194 ",
"Biomedical Human Kinetics","BIOMED HUM KINET","Paradigm Publishing Services-De Gruyter Brill Sp Zoo","0043-9630","2080-2234","HEALTH CARE SCIENCES & SERVICES","ESCI","368","1.4"," 153/194 ",
"Health Policy OPEN","HEALTH POLICY OPEN","ELSEVIER","N/A","2590-2296","HEALTH CARE SCIENCES & SERVICES","ESCI","354","2.3"," 106/194 ",
"Professional Case Management","PROF CASE MANAG","LIPPINCOTT WILLIAMS & WILKINS","1932-8087","1932-8095","HEALTH CARE SCIENCES & SERVICES","ESCI","353","1.2"," 167/194 ",
"Telemedicine Reports","TELEMED REP","SAGE PUBLICATIONS INC","N/A","2692-4366","HEALTH CARE SCIENCES & SERVICES","ESCI","301","1.9"," 128/194 ",
"International Journal of Social Determinants of Health and Health Services","INT J SOC DETER HLTH","SAGE PUBLICATIONS LTD","2755-1938","2755-1946","HEALTH CARE SCIENCES & SERVICES","SCIE","287","2.2"," 111/194 ",
"Journal of Basic and Clinical Health Sciences","J BASIC CLIN HEALTH","DOKUZ EYLUL UNIV INST HEALTH SCIENCES","2458-8938","2564-7288","HEALTH CARE SCIENCES & SERVICES","ESCI","286","0.4"," 185/194 ",
"Journal of Healthcare Quality Research","J HEALTHC QUAL RES","ELSEVIER ESPANA SLU","N/A","2603-6479","HEALTH CARE SCIENCES & SERVICES","ESCI","282","1.2"," 167/194 ",
"IISE Transactions on Healthcare Systems Engineering","IISE T HEALTHC SYST","TAYLOR & FRANCIS LTD","2472-5579","2472-5587","HEALTH CARE SCIENCES & SERVICES","ESCI","266","1.5"," 148/194 ",
"African Journal of Health Professions Education","AFR J HEALTH PROF ED","HEALTH & MEDICAL PUBLISHING GROUP","2078-5127","2078-5127","HEALTH CARE SCIENCES & SERVICES","ESCI","250","0.7"," 179/194 ",
"Journal of Hospital Management and Health Policy","J HOSP MANAG HLTH P","AME PUBLISHING COMPANY","2523-2533","2523-2533","HEALTH CARE SCIENCES & SERVICES","ESCI","247","1.4"," 153/194 ",
"Journal of Patient Safety and Risk Management","J PATIENT SAF RISK M","SAGE PUBLICATIONS LTD","2516-0435","2516-0443","HEALTH CARE SCIENCES & SERVICES","ESCI","230","1"," 177/194 ",
"Human Factors in Healthcare","HUM FACTORS HEALTHC","ELSEVIER","N/A","2772-5014","HEALTH CARE SCIENCES & SERVICES","ESCI","211","1.6"," 142/194 ",
"Healthcare in Low-resource Settings","HEALTHC LOW-RESOUR S","PAGEPRESS PUBL","N/A","2281-7824","HEALTH CARE SCIENCES & SERVICES","ESCI","170","0.5"," 184/194 ",
"Journal of the Liaquat University of Medical and Health Sciences","J LIAQUAT UNIV MED H","LIAQUAT UNIV MEDICAL & HEALTH SCIENCES - LUMHS","1729-0341","1729-0341","HEALTH CARE SCIENCES & SERVICES","ESCI","162","0.2"," 192/194 ",
"Journal of Medicine Access","J MED ACCESS","SAGE PUBLICATIONS INC","2755-0834","2755-0834","HEALTH CARE SCIENCES & SERVICES","ESCI","137","2.7"," 82/194 ",
"Global & Regional Health Technology Assessment","GLOB REG HEALTH TECH","ABOUTSCIENCE SRL","2284-2403","2283-5733","HEALTH CARE SCIENCES & SERVICES","ESCI","135","0.7"," 179/194 ",
"Palliative Medicine in Practice","PALLIAT MED PRACT","VIA MEDICA","2545-0425","2545-1359","HEALTH CARE SCIENCES & SERVICES","ESCI","127","1"," 177/194 ",
"Saudi Journal of Health Systems Research","SAUDI J HEALTH SYST","KARGER","N/A","2673-6136","HEALTH CARE SCIENCES & SERVICES","ESCI","112","1.1"," 171/194 ",
"Zeitschrift fur Palliativmedizin","Z PALLIATMEDIZIN","GEORG THIEME VERLAG KG","1615-2921","1615-293X","HEALTH CARE SCIENCES & SERVICES","ESCI","111","0.7"," 179/194 ",
"Vigilancia Sanitaria em Debate-Sociedade Ciencia & Tecnologia","VIGIL SANIT DEBATE","FUNDACAO OSWALDO CRUZ, INST NACIONAL CONTROLE QUALIDADE & SAUDE","2317-269X","2317-269X","HEALTH CARE SCIENCES & SERVICES","ESCI","102","0.2"," 192/194 ",
"Health Problems of Civilization","HEALTH PROBL CIVILIZ","John Paul II University in Biala Podlaska","2353-6942","2354-0265","HEALTH CARE SCIENCES & SERVICES","ESCI","98","0.4"," 185/194 ",
"Medecine Palliative","MED PALLIAT","ELSEVIER","1636-6522","2213-0098","HEALTH CARE SCIENCES & SERVICES","ESCI","97","0.6"," 183/194 ",
"International Journal of Healthcare Technology and Management","INT J HEALTHC TECHNO","INDERSCIENCE ENTERPRISES LTD","1368-2156","1741-5144","HEALTH CARE SCIENCES & SERVICES","ESCI","95","0.4"," 185/194 ",
"Medycyna Paliatywna-Palliative Medicine","MED PALIATYWNA","TERMEDIA PUBLISHING HOUSE LTD","2081-0016","2081-2833","HEALTH CARE SCIENCES & SERVICES","ESCI","89","0.3"," 191/194 ",
"JMIR XR and Spatial Computing","JMIR XR SPAT COMPUT","JMIR PUBLICATIONS, INC","N/A","2818-3045","HEALTH CARE SCIENCES & SERVICES","ESCI","42","1.8"," 136/194 ",
"Farmeconomia-Health Economics and Therapeutic Pathways","FARMECONOMIA","SEED MEDICAL PUBLISHERS","1721-6915","2240-256X","HEALTH CARE SCIENCES & SERVICES","ESCI","32","<0.1"," 194/194 ",

Copyright (c) 2026 Clarivate 
By exporting the selected data; you agree to the data usage policy set forth in the Terms of Use 
