"Journal Data Filtered By:  Selected Categories: HEALTH POLICY & SERVICES Selected Editions: SCIE;SSCI;AHCI;ESCI Selected JCR Year: 2025 Selected Category Schema: WOS Selected Open Access: N Indicator: Custom"

Journal name,JCR Abbreviation,Publisher,ISSN,eISSN,Category,Edition,Total Citations,2025 JIF,JIF Rank
"Healthcare","HEALTHCARE-BASEL","MDPI","N/A","2227-9032","HEALTH POLICY & SERVICES","SSCI","38,753","3.4"," 23/125 ",
"QUALITY OF LIFE RESEARCH","QUAL LIFE RES","SPRINGER","0962-9343","1573-2649","HEALTH POLICY & SERVICES","SSCI","23,835","3.4"," 23/125 ",
"Implementation Science","IMPLEMENT SCI","BMC","1748-5908","1748-5908","HEALTH POLICY & SERVICES","SSCI","23,777","10.2"," 2/125 ",
"HEALTH AFFAIRS","HEALTH AFFAIR","Health Affairs Publishing LLC","0278-2715","0278-2715","HEALTH POLICY & SERVICES","SSCI","20,492","6.7"," 4/125 ",
"MEDICAL CARE","MED CARE","LIPPINCOTT WILLIAMS & WILKINS","0025-7079","1537-1948","HEALTH POLICY & SERVICES","SSCI","19,977","1.9"," 85/125 ",
"VALUE IN HEALTH","VALUE HEALTH","ELSEVIER SCIENCE INC","1098-3015","1524-4733","HEALTH POLICY & SERVICES","SSCI","17,374","6.2"," 5/125 ",
"Health and Quality of Life Outcomes","HEALTH QUAL LIFE OUT","BMC","N/A","1477-7525","HEALTH POLICY & SERVICES","SSCI","16,330","3.9"," 15/125 ",
"PSYCHIATRIC SERVICES","PSYCHIAT SERV","AMER PSYCHIATRIC PUBLISHING, INC","1075-2730","1557-9700","HEALTH POLICY & SERVICES","SSCI","12,686","3.3"," 28/125 ",
"HEALTH SERVICES RESEARCH","HEALTH SERV RES","WILEY","0017-9124","1475-6773","HEALTH POLICY & SERVICES","SSCI","11,145","3"," 35/125 ",
"INTERNATIONAL JOURNAL FOR QUALITY IN HEALTH CARE","INT J QUAL HEALTH C","OXFORD UNIV PRESS","1353-4505","1464-3677","HEALTH POLICY & SERVICES","SSCI","11,130","2.6"," 49/125 ",
"HEALTH COMMUNICATION","HEALTH COMMUN","ROUTLEDGE JOURNALS, TAYLOR & FRANCIS LTD","1041-0236","1532-7027","HEALTH POLICY & SERVICES","SSCI","10,122","2.9"," 40/125 ",
"HEALTH EXPECTATIONS","HEALTH EXPECT","WILEY","1369-6513","1369-7625","HEALTH POLICY & SERVICES","SSCI","9,821","3.4"," 23/125 ",
"HEALTH POLICY","HEALTH POLICY","ELSEVIER IRELAND LTD","0168-8510","1872-6054","HEALTH POLICY & SERVICES","SSCI","9,762","4.7"," 9/125 ",
"Digital Health","DIGIT HEALTH","SAGE PUBLICATIONS LTD","2055-2076","2055-2076","HEALTH POLICY & SERVICES","SSCI","9,301","3.9"," 15/125 ",
"JOURNAL OF HEALTH ECONOMICS","J HEALTH ECON","ELSEVIER","0167-6296","1879-1646","HEALTH POLICY & SERVICES","SSCI","9,256","3.8"," 17/125 ",
"BMJ Quality & Safety","BMJ QUAL SAF","BMJ PUBLISHING GROUP","2044-5415","2044-5423","HEALTH POLICY & SERVICES","SSCI","8,430","6.8"," 3/125 ",
"PHARMACOECONOMICS","PHARMACOECONOMICS","ADIS INT LTD","1170-7690","1179-2027","HEALTH POLICY & SERVICES","SSCI","8,214","4.7"," 9/125 ",
"HEALTH ECONOMICS","HEALTH ECON","WILEY","1057-9230","1099-1050","HEALTH POLICY & SERVICES","SSCI","8,092","2"," 80/125 ",
"HEALTH POLICY AND PLANNING","HEALTH POLICY PLANN","OXFORD UNIV PRESS","0268-1080","1460-2237","HEALTH POLICY & SERVICES","SSCI","7,635","3.5"," 21/125 ",
"HEALTH PROMOTION INTERNATIONAL","HEALTH PROMOT INT","OXFORD UNIV PRESS","0957-4824","1460-2245","HEALTH POLICY & SERVICES","SSCI","7,396","3.6"," 20/125 ",
"MEDICAL DECISION MAKING","MED DECIS MAKING","SAGE PUBLICATIONS INC","0272-989X","1552-681X","HEALTH POLICY & SERVICES","SSCI","7,373","2"," 80/125 ",
"BMC Palliative Care","BMC PALLIAT CARE","BMC","1472-684X","1472-684X","HEALTH POLICY & SERVICES","SSCI","7,155","3.7"," 19/125 ",
"Administration and Policy in Mental Health and Mental Health Services Research","ADM POLICY MENT HLTH","SPRINGER","0894-587X","1573-3289","HEALTH POLICY & SERVICES","SSCI","6,588","2.6"," 49/125 ",
"Health Research Policy and Systems","HEALTH RES POLICY SY","BMC","1478-4505","1478-4505","HEALTH POLICY & SERVICES","SSCI","6,398","3.8"," 17/125 ",
"AIDS CARE-PSYCHOLOGICAL AND SOCIO-MEDICAL ASPECTS OF AIDS/HIV","AIDS CARE","ROUTLEDGE JOURNALS, TAYLOR & FRANCIS LTD","0954-0121","1360-0451","HEALTH POLICY & SERVICES","SSCI","6,205","1.5"," 101/125 ",
"Human Resources for Health","HUM RESOUR HEALTH","BMC","N/A","1478-4491","HEALTH POLICY & SERVICES","SSCI","5,928","5.4"," 7/125 ",
"MILBANK QUARTERLY","MILBANK Q","WILEY","0887-378X","1468-0009","HEALTH POLICY & SERVICES","SSCI","5,495","6.2"," 5/125 ",
"JAMA Health Forum","JAMA-HEALTH FORUM","AMER MEDICAL ASSOC","2689-0186","2689-0186","HEALTH POLICY & SERVICES","SSCI","5,374","12.5"," 1/125 ",
"AMERICAN JOURNAL OF MANAGED CARE","AM J MANAG CARE","MANAGED CARE & HEALTHCARE COMMUNICATIONS LLC","1088-0224","N/A","HEALTH POLICY & SERVICES","SSCI","5,205","2.1"," 76/125 ",
"COMMUNITY MENTAL HEALTH JOURNAL","COMMUNITY MENT HLT J","SPRINGER","0010-3853","1573-2789","HEALTH POLICY & SERVICES","SSCI","5,205","2.1"," 76/125 ",
"JOURNAL OF COMMUNITY HEALTH","J COMMUN HEALTH","SPRINGER","0094-5145","1573-3610","HEALTH POLICY & SERVICES","SSCI","5,135","2.1"," 76/125 ",
"Risk Management and Healthcare Policy","RISK MANAG HEALTHC P","DOVE MEDICAL PRESS LTD","N/A","1179-1594","HEALTH POLICY & SERVICES","SSCI","5,026","2.6"," 49/125 ",
"JOURNAL OF AGING AND HEALTH","J AGING HEALTH","SAGE PUBLICATIONS INC","0898-2643","1552-6887","HEALTH POLICY & SERVICES","SSCI","4,972","2.2"," 67/125 ",
"Journal of Interprofessional Care","J INTERPROF CARE","TAYLOR & FRANCIS INC","1356-1820","1469-9567","HEALTH POLICY & SERVICES","SSCI","4,951","2.3"," 61/125 ",
"European Journal of Health Economics","EUR J HEALTH ECON","SPRINGER","1618-7598","1618-7601","HEALTH POLICY & SERVICES","SSCI","4,569","3.1"," 31/125 ",
"Disability and Health Journal","DISABIL HEALTH J","ELSEVIER SCIENCE INC","1936-6574","1876-7583","HEALTH POLICY & SERVICES","SSCI","4,352","3"," 35/125 ",
"International Journal of Health Policy and Management","INT J HEALTH POLICY","KERMAN UNIV MEDICAL SCIENCES","N/A","2322-5939","HEALTH POLICY & SERVICES","SSCI","4,310","4.9"," 8/125 ",
"JOURNAL OF RURAL HEALTH","J RURAL HEALTH","WILEY","0890-765X","1748-0361","HEALTH POLICY & SERVICES","SSCI","3,956","3.2"," 30/125 ",
"Journal of Genetic Counseling","J GENET COUNS","WILEY","1059-7700","1573-3599","HEALTH POLICY & SERVICES","SSCI","3,940","1.9"," 85/125 ",
"Palliative & Supportive Care","PALLIAT SUPPORT CARE","CAMBRIDGE UNIV PRESS","1478-9515","1478-9523","HEALTH POLICY & SERVICES","SSCI","3,866","2.4"," 56/125 ",
"JOURNAL OF HEALTH CARE FOR THE POOR AND UNDERSERVED","J HEALTH CARE POOR U","JOHNS HOPKINS UNIV PRESS","1049-2089","1548-6869","HEALTH POLICY & SERVICES","SSCI","3,856","1.2"," 113/125 ",
"INQUIRY-THE JOURNAL OF HEALTH CARE ORGANIZATION PROVISION AND FINANCING","INQUIRY-J HEALTH CAR","SAGE PUBLICATIONS INC","0046-9580","1945-7243","HEALTH POLICY & SERVICES","SSCI","3,492","3"," 35/125 ",
"EASTERN MEDITERRANEAN HEALTH JOURNAL","E MEDITERR HEALTH J","WHO EASTERN MEDITERRANEAN REGIONAL OFFICE","1020-3397","1687-1634","HEALTH POLICY & SERVICES","SSCI","3,394","1.9"," 85/125 ",
"INTERNATIONAL JOURNAL OF HEALTH PLANNING AND MANAGEMENT","INT J HEALTH PLAN M","WILEY","0749-6753","1099-1751","HEALTH POLICY & SERVICES","SSCI","3,226","2.5"," 54/125 ",
"Expert Review of Pharmacoeconomics & Outcomes Research","EXPERT REV PHARM OUT","TAYLOR & FRANCIS LTD","1473-7167","1744-8379","HEALTH POLICY & SERVICES","SSCI","3,071","2.2"," 67/125 ",
"Journal of Patient Safety","J PATIENT SAF","LIPPINCOTT WILLIAMS & WILKINS","1549-8417","1549-8425","HEALTH POLICY & SERVICES","SSCI","3,051","1.9"," 85/125 ",
"International Journal of Integrated Care","INT J INTEGR CARE","UBIQUITY PRESS LTD","1568-4156","1568-4156","HEALTH POLICY & SERVICES","SSCI","3,033","2.7"," 45/125 ",
"Patient-Patient Centered Outcomes Research","PATIENT","ADIS INT LTD","1178-1653","1178-1661","HEALTH POLICY & SERVICES","SSCI","2,959","4.4"," 11/125 ",
"Journal of Patient-Reported Outcomes","J PATIENT-REP OUTCOM","SPRINGERNATURE","N/A","2509-8020","HEALTH POLICY & SERVICES","ESCI","2,912","2.9"," 40/125 ",
"Journal of Health Services Research & Policy","J HEALTH SERV RES PO","SAGE PUBLICATIONS INC","1355-8196","1758-1060","HEALTH POLICY & SERVICES","SSCI","2,832","2.2"," 67/125 ",
"Applied Health Economics and Health Policy","APPL HEALTH ECON HEA","SPRINGER INT PUBL AG","1175-5652","1179-1896","HEALTH POLICY & SERVICES","SSCI","2,746","3.1"," 31/125 ",
"Implementation Science Communications","IMPLEMENT SCI COMMUN","SPRINGERNATURE","N/A","2662-2211","HEALTH POLICY & SERVICES","ESCI","2,723","3.5"," 21/125 ",
"MEDICAL CARE RESEARCH AND REVIEW","MED CARE RES REV","SAGE PUBLICATIONS INC","1077-5587","1552-6801","HEALTH POLICY & SERVICES","SSCI","2,687","2.7"," 45/125 ",
"Research Involvement and Engagement","RES INVOLVE ENGAGEM","SPRINGERNATURE","N/A","2056-7529","HEALTH POLICY & SERVICES","ESCI","2,678","4.1"," 12/125 ",
"Australian Health Review","AUST HEALTH REV","CSIRO PUBLISHING","0156-5788","1449-8944","HEALTH POLICY & SERVICES","SSCI","2,435","1.3"," 112/125 ",
"Gaceta Sanitaria","GAC SANIT","ELSEVIER","0213-9111","1578-1283","HEALTH POLICY & SERVICES","SSCI","2,226","1.5"," 101/125 ",
"Journal of Pediatric Health Care","J PEDIATR HEALTH CAR","ELSEVIER SCIENCE INC","0891-5245","1532-656X","HEALTH POLICY & SERVICES","SSCI","2,133","2"," 80/125 ",
"Journal of Pharmaceutical Policy and Practice","J PHARM POLICY PRACT","TAYLOR & FRANCIS LTD","N/A","2052-3211","HEALTH POLICY & SERVICES","ESCI","2,129","2.6"," 49/125 ",
"Journal of Health Organization and Management","J HEALTH ORGAN MANAG","EMERALD GROUP PUBLISHING LTD","1477-7266","1758-7247","HEALTH POLICY & SERVICES","SSCI","1,950","2.4"," 56/125 ",
"Health Economics Review","HEALTH ECON REV","BMC","2191-1991","2191-1991","HEALTH POLICY & SERVICES","SSCI","1,884","3.4"," 23/125 ",
"PSYCHOLOGY PUBLIC POLICY AND LAW","PSYCHOL PUBLIC POL L","AMER PSYCHOLOGICAL ASSOC","1076-8971","1939-1528","HEALTH POLICY & SERVICES","SSCI","1,884","1.5"," 101/125 ",
"Health Policy and Technology","HEALTH POLICY TECHN","ELSEVIER SCI LTD","2211-8837","N/A","HEALTH POLICY & SERVICES","SSCI","1,827","3.4"," 23/125 ",
"HEALTH CARE MANAGEMENT REVIEW","HEALTH CARE MANAGE R","LIPPINCOTT WILLIAMS & WILKINS","0361-6274","1550-5030","HEALTH POLICY & SERVICES","SSCI","1,688","2.6"," 49/125 ",
"Cost Effectiveness and Resource Allocation","COST EFFECT RESOUR A","BMC","1478-7547","1478-7547","HEALTH POLICY & SERVICES","SSCI","1,662","3.1"," 31/125 ",
"EVALUATION & THE HEALTH PROFESSIONS","EVAL HEALTH PROF","SAGE PUBLICATIONS INC","0163-2787","1552-3918","HEALTH POLICY & SERVICES","SSCI","1,658","1.9"," 85/125 ",
"JOURNAL OF HEALTH POLITICS POLICY AND LAW","J HEALTH POLIT POLIC","DUKE UNIV PRESS","0361-6878","N/A","HEALTH POLICY & SERVICES","SSCI","1,610","2.7"," 45/125 ",
"Health Care Management Science","HEALTH CARE MANAG SC","SPRINGER","1386-9620","1572-9389","HEALTH POLICY & SERVICES","SSCI","1,594","2.8"," 42/125 ",
"Value in Health Regional Issues","VALUE HEALTH REG ISS","ELSEVIER","2212-1099","2212-1099","HEALTH POLICY & SERVICES","ESCI","1,587","1.9"," 85/125 ",
"JOURNAL OF BEHAVIORAL HEALTH SERVICES & RESEARCH","J BEHAV HEALTH SER R","SPRINGER","1094-3412","1556-3308","HEALTH POLICY & SERVICES","SSCI","1,581","1.6"," 98/125 ",
"JOURNAL OF PUBLIC HEALTH POLICY","J PUBLIC HEALTH POL","PALGRAVE MACMILLAN LTD","0197-5897","1745-655X","HEALTH POLICY & SERVICES","SSCI","1,565","2.1"," 76/125 ",
"Australian Journal of Primary Health","AUST J PRIM HEALTH","CSIRO PUBLISHING","1448-7527","1836-7399","HEALTH POLICY & SERVICES","SSCI","1,463","1.4"," 108/125 ",
"JOURNAL OF PALLIATIVE CARE","J PALLIAT CARE","SAGE PUBLICATIONS INC","0825-8597","2369-5293","HEALTH POLICY & SERVICES","SSCI","1,462","1.6"," 98/125 ",
"HEALTHCARE MANAGEMENT FORUM","HEALTHC MANAG FORUM","SAGE PUBLICATIONS INC","0840-4704","2352-3883","HEALTH POLICY & SERVICES","ESCI","1,380","2.4"," 56/125 ",
"Journal of Policy and Practice in Intellectual Disabilities","J POLICY PRACT INTEL","WILEY","1741-1122","1741-1130","HEALTH POLICY & SERVICES","SSCI","1,366","2.2"," 67/125 ",
"Zeitschrift fur Evidenz Fortbildung und Qualitaet im Gesundheitswesen","Z EVIDENZ FORTBILD Q","ELSEVIER GMBH","1865-9217","2212-0289","HEALTH POLICY & SERVICES","ESCI","1,313","1.5"," 101/125 ",
"CAMBRIDGE QUARTERLY OF HEALTHCARE ETHICS","CAMB Q HEALTHC ETHIC","CAMBRIDGE UNIV PRESS","0963-1801","1469-2147","HEALTH POLICY & SERVICES","SSCI","1,230","2.3"," 61/125 ",
"Israel Journal of Health Policy Research","ISR J HEALTH POLICY","BMC","2045-4015","2045-4015","HEALTH POLICY & SERVICES","SSCI","1,224","2.4"," 56/125 ",
"Pharmacoeconomics-Open","PHARMACOECON-OPEN","SPRINGER INT PUBL AG","2509-4262","2509-4254","HEALTH POLICY & SERVICES","ESCI","1,214","2.4"," 56/125 ",
"INTERNATIONAL JOURNAL OF HEALTH CARE QUALITY ASSURANCE","INT J HEALTH CARE Q","EMERALD GROUP PUBLISHING LTD","0952-6862","1758-6542","HEALTH POLICY & SERVICES","ESCI","1,124","2"," 80/125 ",
"International Journal of Healthcare Management","INT J HEALTHCARE MAN","ROUTLEDGE JOURNALS, TAYLOR & FRANCIS LTD","2047-9700","2047-9719","HEALTH POLICY & SERVICES","ESCI","1,115","1"," 116/125 ",
"Health Affairs Scholar","HLTH AFF SCH","OXFORD UNIV PRESS","N/A","2976-5390","HEALTH POLICY & SERVICES","ESCI","1,045","4.1"," 12/125 ",
"Health Systems & Reform","HEALTH SYST REFORM","ROUTLEDGE JOURNALS, TAYLOR & FRANCIS LTD","2328-8604","2328-8620","HEALTH POLICY & SERVICES","SSCI","1,042","2.8"," 42/125 ",
"Health Sociology Review","HEALTH SOCIOL REV","ROUTLEDGE JOURNALS, TAYLOR & FRANCIS LTD","1446-1242","1839-3551","HEALTH POLICY & SERVICES","SSCI","965","3"," 35/125 ",
"Health Economics Policy and Law","HEALTH ECON POLICY L","CAMBRIDGE UNIV PRESS","1744-1331","1744-134X","HEALTH POLICY & SERVICES","SSCI","965","2.2"," 67/125 ",
"Learning Health Systems","LEARN HEALTH SYST","WILEY","2379-6146","2379-6146","HEALTH POLICY & SERVICES","ESCI","928","2.3"," 61/125 ",
"Leadership in Health Services","LEADERSH HEALTH SERV","EMERALD GROUP PUBLISHING LTD","1751-1879","1751-1887","HEALTH POLICY & SERVICES","ESCI","918","2.3"," 61/125 ",
"Health Information Management Journal","HEALTH INF MANAG J","SAGE PUBLICATIONS INC","1833-3583","1833-3575","HEALTH POLICY & SERVICES","SSCI","878","2.3"," 61/125 ",
"Journal of Healthcare Leadership","J HEALTHC LEADERSH","DOVE MEDICAL PRESS LTD","1179-3201","1179-3201","HEALTH POLICY & SERVICES","ESCI","861","4.1"," 12/125 ",
"Journal of Health Management","J HEALTH MANAG","SAGE PUBLICATIONS INDIA PVT LTD","0972-0634","0973-0729","HEALTH POLICY & SERVICES","ESCI","857","0.8"," 119/125 ",
"JOURNAL OF HEALTHCARE MANAGEMENT","J HEALTHC MANAG","LIPPINCOTT WILLIAMS & WILKINS","1096-9012","1944-7396","HEALTH POLICY & SERVICES","SSCI","841","2.8"," 42/125 ",
"HEALTH CARE ANALYSIS","HEALTH CARE ANAL","SPRINGER","1065-3058","1573-3394","HEALTH POLICY & SERVICES","SSCI","841","1.4"," 108/125 ",
"Journal of Cancer Policy","J CANCER POLICY","ELSEVIER SCI LTD","N/A","2213-5383","HEALTH POLICY & SERVICES","ESCI","837","2.2"," 67/125 ",
"Policy Politics & Nursing Practice","POL POLIT NURS PRACT","SAGE PUBLICATIONS INC","1527-1544","1552-7468","HEALTH POLICY & SERVICES","ESCI","812","3"," 35/125 ",
"HealthCare-The Journal of Delivery Science and Innovation","HEALTHCARE-J DEL SCI","ELSEVIER","2213-0764","2213-0772","HEALTH POLICY & SERVICES","SSCI","789","1.7"," 95/125 ",
"Journal for Healthcare Quality","J HEALTHC QUAL","LIPPINCOTT WILLIAMS & WILKINS","1062-2551","1945-1474","HEALTH POLICY & SERVICES","SSCI","762","1.1"," 115/125 ",
"Implementation Research and Practice","IMPLEMENT RES PRACT","SAGE PUBLICATIONS INC","2633-4895","2633-4895","HEALTH POLICY & SERVICES","ESCI","733","2.2"," 67/125 ",
"Quality Management in Health Care","QUAL MANAG HEALTH CA","LIPPINCOTT WILLIAMS & WILKINS","1063-8628","1550-5154","HEALTH POLICY & SERVICES","SSCI","659","1.4"," 108/125 ",
"International Journal of Pharmaceutical and Healthcare Marketing","INT J PHARM HEALTHC","EMERALD GROUP PUBLISHING LTD","1750-6123","1750-6131","HEALTH POLICY & SERVICES","ESCI","653","1.8"," 93/125 ",
"Health Services Management Research","HEALTH SERV MANAG RE","SAGE PUBLICATIONS LTD","0951-4848","1758-1044","HEALTH POLICY & SERVICES","ESCI","608","1.5"," 101/125 ",
"Journal of Communication in Healthcare","J COMMUN HEALTHC","TAYLOR & FRANCIS LTD","1753-8068","1753-8076","HEALTH POLICY & SERVICES","ESCI","588","2"," 80/125 ",
"MDM Policy & Practice","MDM POLICY PRACT","SAGE PUBLICATIONS INC","N/A","2381-4683","HEALTH POLICY & SERVICES","ESCI","577","1.9"," 85/125 ",
"Journal of Health Care Chaplaincy","J HEALTH CARE CHAPL","ROUTLEDGE JOURNALS, TAYLOR & FRANCIS LTD","0885-4726","1528-6916","HEALTH POLICY & SERVICES","ESCI","545","1.2"," 113/125 ",
"American Journal of Health Economics","AM J HEALTH ECON","UNIV CHICAGO PRESS","2332-3493","2332-3507","HEALTH POLICY & SERVICES","SSCI","526","1.9"," 85/125 ",
"Journal of Health Economics and Outcomes Research","J HEALTH ECON OUTCOM","COLUMBIA DATA ANALYTICS, LLC","2327-2236","2327-2236","HEALTH POLICY & SERVICES","ESCI","477","2.5"," 54/125 ",
"Health Systems","HEALTH SYST","TAYLOR & FRANCIS LTD","2047-6965","2047-6973","HEALTH POLICY & SERVICES","ESCI","476","2.2"," 67/125 ",
"Health Services Research and Managerial Epidemiology","HEALTH SERV RES MANA","SAGE PUBLICATIONS INC","2333-3928","2333-3928","HEALTH POLICY & SERVICES","ESCI","457","3.3"," 28/125 ",
"CLINICAL SUPERVISOR","CLIN SUPERV","ROUTLEDGE JOURNALS, TAYLOR & FRANCIS LTD","0732-5223","1545-231X","HEALTH POLICY & SERVICES","ESCI","457","1.6"," 98/125 ",
"Journal of Mental Health Policy and Economics","J MENT HEALTH POLICY","INT CTR MENTAL HEALTH POLICY & ECONOMICS-ICMPE","1091-4358","1099-176X","HEALTH POLICY & SERVICES","SSCI","442","1.7"," 95/125 ",
"Health Marketing Quarterly","HEALTH MARK Q","TAYLOR & FRANCIS LTD","0735-9683","1545-0864","HEALTH POLICY & SERVICES","ESCI","427","1.8"," 93/125 ",
"International Journal of Health Economics and Management","INT J HEALTH ECON MA","SPRINGER","2199-9023","2199-9031","HEALTH POLICY & SERVICES","SSCI","404","1.5"," 101/125 ",
"Journal of Integrated Care","J INTEGR CARE","EMERALD GROUP PUBLISHING LTD","1476-9018","2042-8685","HEALTH POLICY & SERVICES","ESCI","383","1"," 116/125 ",
"HOME HEALTH CARE SERVICES QUARTERLY","HOME HEALTH CARE SER","TAYLOR & FRANCIS LTD","0162-1424","1545-0856","HEALTH POLICY & SERVICES","ESCI","370","1.4"," 108/125 ",
"Health Policy OPEN","HEALTH POLICY OPEN","ELSEVIER","N/A","2590-2296","HEALTH POLICY & SERVICES","ESCI","354","2.3"," 61/125 ",
"Sahara J-Journal of Social Aspects of HIV-AIDS","SAHARA J-J SOC ASP H","TAYLOR & FRANCIS LTD","1729-0376","1813-4424","HEALTH POLICY & SERVICES","SSCI","329","0.6"," 122/125 ",
"Asia Pacific Journal of Health Management","ASIA-PAC J HEALTH MA","AUSTRALIAN COLL HEALTH SERVICE MANAGEMENT","N/A","2204-3136","HEALTH POLICY & SERVICES","ESCI","314","0.6"," 122/125 ",
"International Journal of Human Rights in Health Care","INT J HUM RIGHTS HEA","EMERALD GROUP PUBLISHING LTD","2056-4902","2056-4902","HEALTH POLICY & SERVICES","ESCI","305","0.7"," 120/125 ",
"International Journal of Health Governance","INT J HEALTH GOV","EMERALD GROUP PUBLISHING LTD","2059-4631","2059-4631","HEALTH POLICY & SERVICES","ESCI","296","1.7"," 95/125 ",
"International Journal of Social Determinants of Health and Health Services","INT J SOC DETER HLTH","SAGE PUBLICATIONS LTD","2755-1938","2755-1946","HEALTH POLICY & SERVICES","SSCI","287","2.2"," 67/125 ",
"IISE Transactions on Healthcare Systems Engineering","IISE T HEALTHC SYST","TAYLOR & FRANCIS LTD","2472-5579","2472-5587","HEALTH POLICY & SERVICES","ESCI","266","1.5"," 101/125 ",
"Journal of Patient Safety and Risk Management","J PATIENT SAF RISK M","SAGE PUBLICATIONS LTD","2516-0435","2516-0443","HEALTH POLICY & SERVICES","ESCI","230","1"," 116/125 ",
"Journal of Medicine Access","J MED ACCESS","SAGE PUBLICATIONS INC","2755-0834","2755-0834","HEALTH POLICY & SERVICES","ESCI","137","2.7"," 45/125 ",
"SCIENCES SOCIALES ET SANTE","SCI SOC SANTE","JLE","0294-0337","1777-5914","HEALTH POLICY & SERVICES","SSCI","125","0.4"," 125/125 ",
"Avicenna","AVICENNA","HAMAD BIN KHALIFA UNIV PRESS","2220-2749","2220-2749","HEALTH POLICY & SERVICES","ESCI","104","3.1"," 31/125 ",
"Asian Journal of WTO & International Health Law and Policy","ASIAN J WTO INT HEAL","NATL TAIWAN UNIV PRESS","1819-5164","N/A","HEALTH POLICY & SERVICES","SSCI","85","0.5"," 124/125 ",
"Farmaceuticos Comunitarios","FARM COMUNITARIOS","SOC ESPANOLA FARMACIA FAMILIAR & COMUNITARIA-SEFAC","1885-8619","2173-9218","HEALTH POLICY & SERVICES","ESCI","71","0.7"," 120/125 ",

Copyright (c) 2026 Clarivate 
By exporting the selected data; you agree to the data usage policy set forth in the Terms of Use 
