"Journal Data Filtered By:  Selected Categories: PUBLIC, ENVIRONMENTAL & OCCUPATIONAL HEALTH Selected Editions: SCIE;SSCI;AHCI;ESCI Selected JCR Year: 2025 Selected Category Schema: WOS Selected Open Access: N Indicator: Custom"

Journal name,JCR Abbreviation,Publisher,ISSN,eISSN,Category,Edition,Total Citations,2025 JIF,JIF Rank
"ENVIRONMENTAL RESEARCH","ENVIRON RES","ACADEMIC PRESS INC ELSEVIER SCIENCE","0013-9351","1096-0953","PUBLIC, ENVIRONMENTAL & OCCUPATIONAL HEALTH","SCIE","110,166","8.2"," 20/443 ",
"BMC PUBLIC HEALTH","BMC PUBLIC HEALTH","BMC","N/A","1471-2458","PUBLIC, ENVIRONMENTAL & OCCUPATIONAL HEALTH","SCIE","110,078","4.4"," 60/443 ",
"Frontiers in Public Health","FRONT PUBLIC HEALTH","FRONTIERS MEDIA SA","N/A","2296-2565","PUBLIC, ENVIRONMENTAL & OCCUPATIONAL HEALTH","SCIE, SSCI","83,487","4.1"," 75/443 ",
"SOCIAL SCIENCE & MEDICINE","SOC SCI MED","PERGAMON-ELSEVIER SCIENCE LTD","0277-9536","1873-5347","PUBLIC, ENVIRONMENTAL & OCCUPATIONAL HEALTH","SCIE, SSCI","64,963","4.1"," 75/443 ",
"JOURNAL OF CLINICAL EPIDEMIOLOGY","J CLIN EPIDEMIOL","ELSEVIER SCIENCE INC","0895-4356","1878-5921","PUBLIC, ENVIRONMENTAL & OCCUPATIONAL HEALTH","SCIE","47,404","5.8"," 37/443 ",
"AMERICAN JOURNAL OF PUBLIC HEALTH","AM J PUBLIC HEALTH","AMER PUBLIC HEALTH ASSOC INC","0090-0036","1541-0048","PUBLIC, ENVIRONMENTAL & OCCUPATIONAL HEALTH","SCIE, SSCI","41,993","7.8"," 22/443 ",
"ENVIRONMENTAL HEALTH PERSPECTIVES","ENVIRON HEALTH PERSP","US DEPT HEALTH HUMAN SCIENCES PUBLIC HEALTH SCIENCE","0091-6765","1552-9924","PUBLIC, ENVIRONMENTAL & OCCUPATIONAL HEALTH","SCIE","41,356","10.9"," 11/443 ",
"INTERNATIONAL JOURNAL OF EPIDEMIOLOGY","INT J EPIDEMIOL","OXFORD UNIV PRESS","0300-5771","1464-3685","PUBLIC, ENVIRONMENTAL & OCCUPATIONAL HEALTH","SCIE","40,010","5.7"," 39/443 ",
"AMERICAN JOURNAL OF EPIDEMIOLOGY","AM J EPIDEMIOL","OXFORD UNIV PRESS INC","0002-9262","1476-6256","PUBLIC, ENVIRONMENTAL & OCCUPATIONAL HEALTH","SCIE","38,482","4.1"," 75/443 ",
"STATISTICS IN MEDICINE","STAT MED","WILEY","0277-6715","1097-0258","PUBLIC, ENVIRONMENTAL & OCCUPATIONAL HEALTH","SCIE","36,828","2.1"," 231/443 ",
"ACCIDENT ANALYSIS AND PREVENTION","ACCIDENT ANAL PREV","PERGAMON-ELSEVIER SCIENCE LTD","0001-4575","1879-2057","PUBLIC, ENVIRONMENTAL & OCCUPATIONAL HEALTH","SSCI","35,448","7.4"," 23/443 ",
"Lancet Global Health","LANCET GLOB HEALTH","ELSEVIER SCI LTD","2214-109X","2214-109X","PUBLIC, ENVIRONMENTAL & OCCUPATIONAL HEALTH","SCIE, SSCI","31,059","22.5"," 4/443 ",
"MMWR-MORBIDITY AND MORTALITY WEEKLY REPORT","MMWR-MORBID MORTAL W","CENTERS DISEASE CONTROL & PREVENTION","0149-2195","1545-861X","PUBLIC, ENVIRONMENTAL & OCCUPATIONAL HEALTH","SCIE","27,765","16.2"," 7/443 ",
"AMERICAN JOURNAL OF PREVENTIVE MEDICINE","AM J PREV MED","ELSEVIER SCIENCE INC","0749-3797","1873-2607","PUBLIC, ENVIRONMENTAL & OCCUPATIONAL HEALTH","SCIE, SSCI","27,112","4.7"," 56/443 ",
"QUALITY OF LIFE RESEARCH","QUAL LIFE RES","SPRINGER","0962-9343","1573-2649","PUBLIC, ENVIRONMENTAL & OCCUPATIONAL HEALTH","SCIE, SSCI","23,835","3.4"," 101/443 ",
"AMERICAN JOURNAL OF TROPICAL MEDICINE AND HYGIENE","AM J TROP MED HYG","AMER SOC TROP MED & HYGIENE","0002-9637","1476-1645","PUBLIC, ENVIRONMENTAL & OCCUPATIONAL HEALTH","SCIE","22,027","1.9"," 260/443 ",
"Journal of Adolescent Health","J ADOLESCENT HEALTH","ELSEVIER SCIENCE INC","1054-139X","1879-1972","PUBLIC, ENVIRONMENTAL & OCCUPATIONAL HEALTH","SCIE, SSCI","21,149","4.2"," 71/443 ",
"PUBLIC HEALTH NUTRITION","PUBLIC HEALTH NUTR","CAMBRIDGE UNIV PRESS","1368-9800","1475-2727","PUBLIC, ENVIRONMENTAL & OCCUPATIONAL HEALTH","SCIE","21,058","3"," 133/443 ",
"Preventive Medicine","PREV MED","ACADEMIC PRESS INC ELSEVIER SCIENCE","0091-7435","1096-0260","PUBLIC, ENVIRONMENTAL & OCCUPATIONAL HEALTH","SCIE","20,853","3.2"," 120/443 ",
"PATIENT EDUCATION AND COUNSELING","PATIENT EDUC COUNS","ELSEVIER IRELAND LTD","0738-3991","1873-5134","PUBLIC, ENVIRONMENTAL & OCCUPATIONAL HEALTH","SCIE","20,162","3.1"," 128/443 ",
"BMJ Global Health","BMJ GLOB HEALTH","BMJ PUBLISHING GROUP","2059-7908","2059-7908","PUBLIC, ENVIRONMENTAL & OCCUPATIONAL HEALTH","SCIE, SSCI","20,039","5.8"," 37/443 ",
"MEDICAL CARE","MED CARE","LIPPINCOTT WILLIAMS & WILKINS","0025-7079","1537-1948","PUBLIC, ENVIRONMENTAL & OCCUPATIONAL HEALTH","SCIE","19,977","1.9"," 260/443 ",
"CANCER EPIDEMIOLOGY BIOMARKERS & PREVENTION","CANCER EPIDEM BIOMAR","AMER ASSOC CANCER RESEARCH","1055-9965","1538-7755","PUBLIC, ENVIRONMENTAL & OCCUPATIONAL HEALTH","SCIE","19,510","3.7"," 89/443 ",
"Lancet Public Health","LANCET PUBLIC HEALTH","ELSEVIER SCI LTD","2468-2667","2468-2667","PUBLIC, ENVIRONMENTAL & OCCUPATIONAL HEALTH","SCIE, SSCI","17,385","26.5"," 3/443 ",
"EUROPEAN JOURNAL OF EPIDEMIOLOGY","EUR J EPIDEMIOL","SPRINGER","0393-2990","1573-7284","PUBLIC, ENVIRONMENTAL & OCCUPATIONAL HEALTH","SCIE","16,920","6.6"," 27/443 ",
"EPIDEMIOLOGY","EPIDEMIOLOGY","LIPPINCOTT WILLIAMS & WILKINS","1044-3983","1531-5487","PUBLIC, ENVIRONMENTAL & OCCUPATIONAL HEALTH","SCIE, SSCI","16,601","4.4"," 60/443 ",
"BULLETIN OF THE WORLD HEALTH ORGANIZATION","B WORLD HEALTH ORGAN","WORLD HEALTH ORGANIZATION","0042-9686","1564-0604","PUBLIC, ENVIRONMENTAL & OCCUPATIONAL HEALTH","SCIE","16,149","6.9"," 25/443 ",
"JOURNAL OF EPIDEMIOLOGY AND COMMUNITY HEALTH","J EPIDEMIOL COMMUN H","BMJ PUBLISHING GROUP","0143-005X","1470-2738","PUBLIC, ENVIRONMENTAL & OCCUPATIONAL HEALTH","SCIE, SSCI","16,143","3.4"," 101/443 ",
"Lancet Planetary Health","LANCET PLANET HEALTH","ELSEVIER SCI LTD","N/A","2542-5196","PUBLIC, ENVIRONMENTAL & OCCUPATIONAL HEALTH","SCIE, SSCI","14,537","20.5"," 5/443 ",
"Annual Review of Public Health","ANNU REV PUBL HEALTH","ANNUAL REVIEWS","0163-7525","1545-2093","PUBLIC, ENVIRONMENTAL & OCCUPATIONAL HEALTH","SCIE, SSCI","13,577","17.2"," 6/443 ",
"BMC Womens Health","BMC WOMENS HEALTH","BMC","N/A","1472-6874","PUBLIC, ENVIRONMENTAL & OCCUPATIONAL HEALTH","SSCI","13,555","3.3"," 113/443 ",
"AIDS AND BEHAVIOR","AIDS BEHAV","SPRINGER/PLENUM PUBLISHERS","1090-7165","1573-3254","PUBLIC, ENVIRONMENTAL & OCCUPATIONAL HEALTH","SSCI","13,522","2.5"," 186/443 ",
"RISK ANALYSIS","RISK ANAL","WILEY","0272-4332","1539-6924","PUBLIC, ENVIRONMENTAL & OCCUPATIONAL HEALTH","SSCI","13,395","4"," 79/443 ",
"International Journal for Equity in Health","INT J EQUITY HEALTH","BMC","N/A","1475-9276","PUBLIC, ENVIRONMENTAL & OCCUPATIONAL HEALTH","SSCI","12,880","5.2"," 46/443 ",
"ENVIRONMENTAL GEOCHEMISTRY AND HEALTH","ENVIRON GEOCHEM HLTH","SPRINGER","0269-4042","1573-2983","PUBLIC, ENVIRONMENTAL & OCCUPATIONAL HEALTH","SCIE","12,699","4.3"," 66/443 ",
"PSYCHIATRIC SERVICES","PSYCHIAT SERV","AMER PSYCHIATRIC PUBLISHING, INC","1075-2730","1557-9700","PUBLIC, ENVIRONMENTAL & OCCUPATIONAL HEALTH","SCIE, SSCI","12,686","3.3"," 113/443 ",
"PUBLIC HEALTH","PUBLIC HEALTH","W B SAUNDERS CO LTD","0033-3506","1476-5616","PUBLIC, ENVIRONMENTAL & OCCUPATIONAL HEALTH","SCIE, SSCI","12,386","3.5"," 96/443 ",
"HEALTH & PLACE","HEALTH PLACE","ELSEVIER SCI LTD","1353-8292","1873-2054","PUBLIC, ENVIRONMENTAL & OCCUPATIONAL HEALTH","SCIE, SSCI","12,189","4.2"," 71/443 ",
"JOURNAL OF HEALTH AND SOCIAL BEHAVIOR","J HEALTH SOC BEHAV","SAGE PUBLICATIONS INC","0022-1465","2150-6000","PUBLIC, ENVIRONMENTAL & OCCUPATIONAL HEALTH","SSCI","11,979","3.6"," 93/443 ",
"EUROPEAN JOURNAL OF PUBLIC HEALTH","EUR J PUBLIC HEALTH","OXFORD UNIV PRESS","1101-1262","1464-360X","PUBLIC, ENVIRONMENTAL & OCCUPATIONAL HEALTH","SCIE, SSCI","11,910","5.2"," 46/443 ",
"NICOTINE & TOBACCO RESEARCH","NICOTINE TOB RES","OXFORD UNIV PRESS","1462-2203","1469-994X","PUBLIC, ENVIRONMENTAL & OCCUPATIONAL HEALTH","SCIE, SSCI","10,428","2.7"," 160/443 ",
"Journal of Hospital Infection","J HOSP INFECT","W B SAUNDERS CO LTD","0195-6701","1532-2939","PUBLIC, ENVIRONMENTAL & OCCUPATIONAL HEALTH","SCIE","10,307","3.4"," 101/443 ",
"Epidemiology & Infection","EPIDEMIOL INFECT","CAMBRIDGE UNIV PRESS","0950-2688","1469-4409","PUBLIC, ENVIRONMENTAL & OCCUPATIONAL HEALTH","SCIE","10,149","2.5"," 186/443 ",
"Environmental Health","ENVIRON HEALTH-GLOB","BMC","N/A","1476-069X","PUBLIC, ENVIRONMENTAL & OCCUPATIONAL HEALTH","SCIE","9,905","7.3"," 24/443 ",
"HEALTH EXPECTATIONS","HEALTH EXPECT","WILEY","1369-6513","1369-7625","PUBLIC, ENVIRONMENTAL & OCCUPATIONAL HEALTH","SCIE, SSCI","9,821","3.4"," 101/443 ",
"Infection Control & Hospital Epidemiology","INFECT CONT HOSP EP","CAMBRIDGE UNIV PRESS","0899-823X","1559-6834","PUBLIC, ENVIRONMENTAL & OCCUPATIONAL HEALTH","SCIE","9,746","2.6"," 173/443 ",
"AMERICAN JOURNAL OF INFECTION CONTROL","AM J INFECT CONTROL","MOSBY-ELSEVIER","0196-6553","1527-3296","PUBLIC, ENVIRONMENTAL & OCCUPATIONAL HEALTH","SCIE","9,564","2.6"," 173/443 ",
"Reproductive Health","REPROD HEALTH","BMC","N/A","1742-4755","PUBLIC, ENVIRONMENTAL & OCCUPATIONAL HEALTH","SCIE, SSCI","9,559","3.4"," 101/443 ",
"Digital Health","DIGIT HEALTH","SAGE PUBLICATIONS LTD","2055-2076","2055-2076","PUBLIC, ENVIRONMENTAL & OCCUPATIONAL HEALTH","SCIE, SSCI","9,301","3.9"," 84/443 ",
"Journal of Global Health","J GLOB HEALTH","INT SOC GLOBAL HEALTH","2047-2978","2047-2986","PUBLIC, ENVIRONMENTAL & OCCUPATIONAL HEALTH","SCIE, SSCI","9,104","5.5"," 42/443 ",
"Journal of Occupational Health Psychology","J OCCUP HEALTH PSYCH","EDUCATIONAL PUBLISHING FOUNDATION-AMERICAN PSYCHOLOGICAL ASSOC","1076-8998","1939-1307","PUBLIC, ENVIRONMENTAL & OCCUPATIONAL HEALTH","SSCI","9,089","6.7"," 26/443 ",
"Lancet Regional Health-Europe","LANCET REG HEALTH-EU","ELSEVIER","2666-7762","2666-7762","PUBLIC, ENVIRONMENTAL & OCCUPATIONAL HEALTH","SCIE, SSCI","9,075","15.7"," 8/443 ",
"JOURNAL OF WOMENS HEALTH","J WOMENS HEALTH","SAGE PUBLICATIONS INC","1540-9996","1931-843X","PUBLIC, ENVIRONMENTAL & OCCUPATIONAL HEALTH","SCIE, SSCI","9,072","1.8"," 273/443 ",
"OCCUPATIONAL AND ENVIRONMENTAL MEDICINE","OCCUP ENVIRON MED","BMJ PUBLISHING GROUP","1351-0711","1470-7926","PUBLIC, ENVIRONMENTAL & OCCUPATIONAL HEALTH","SCIE","9,046","3.2"," 120/443 ",
"PLOS Global Public Health","PLOS GLOB PUBL HLTH","PUBLIC LIBRARY SCIENCE","N/A","2767-3375","PUBLIC, ENVIRONMENTAL & OCCUPATIONAL HEALTH","ESCI","9,042","2.8"," 149/443 ",
"PALLIATIVE MEDICINE","PALLIATIVE MED","SAGE PUBLICATIONS LTD","0269-2163","1477-030X","PUBLIC, ENVIRONMENTAL & OCCUPATIONAL HEALTH","SCIE","9,020","6.4"," 28/443 ",
"INTERNATIONAL JOURNAL OF HYGIENE AND ENVIRONMENTAL HEALTH","INT J HYG ENVIR HEAL","ELSEVIER GMBH","1438-4639","1618-131X","PUBLIC, ENVIRONMENTAL & OCCUPATIONAL HEALTH","SCIE","8,768","4.3"," 66/443 ",
"HEALTH & SOCIAL CARE IN THE COMMUNITY","HEALTH SOC CARE COMM","WILEY","0966-0410","1365-2524","PUBLIC, ENVIRONMENTAL & OCCUPATIONAL HEALTH","SSCI","8,729","1.8"," 273/443 ",
"TOBACCO CONTROL","TOB CONTROL","BMJ PUBLISHING GROUP","0964-4563","1468-3318","PUBLIC, ENVIRONMENTAL & OCCUPATIONAL HEALTH","SCIE, SSCI","8,517","3.3"," 113/443 ",
"ANNALS OF EPIDEMIOLOGY","ANN EPIDEMIOL","ELSEVIER SCIENCE INC","1047-2797","1873-2585","PUBLIC, ENVIRONMENTAL & OCCUPATIONAL HEALTH","SCIE","8,401","3.6"," 93/443 ",
"JOURNAL OF OCCUPATIONAL AND ENVIRONMENTAL MEDICINE","J OCCUP ENVIRON MED","LIPPINCOTT WILLIAMS & WILKINS","1076-2752","1536-5948","PUBLIC, ENVIRONMENTAL & OCCUPATIONAL HEALTH","SCIE","8,284","1.4"," 341/443 ",
"Preventive Medicine Reports","PREV MED REP","ELSEVIER","N/A","2211-3355","PUBLIC, ENVIRONMENTAL & OCCUPATIONAL HEALTH","SCIE","8,198","2.8"," 149/443 ",
"MATERNAL AND CHILD HEALTH JOURNAL","MATERN CHILD HLTH J","SPRINGER/PLENUM PUBLISHERS","1092-7875","1573-6628","PUBLIC, ENVIRONMENTAL & OCCUPATIONAL HEALTH","SSCI","8,194","1.9"," 260/443 ",
"Ciencia & Saude Coletiva","CIENC SAUDE COLETIVA","ABRASCO - Brazilian Association of Collective Health","1413-8123","1678-4561","PUBLIC, ENVIRONMENTAL & OCCUPATIONAL HEALTH","SSCI","8,116","1.6"," 301/443 ",
"SSM-Population Health","SSM-POPUL HLTH","ELSEVIER SCI LTD","2352-8273","2352-8273","PUBLIC, ENVIRONMENTAL & OCCUPATIONAL HEALTH","SCIE, SSCI","8,085","3.7"," 89/443 ",
"PHARMACOEPIDEMIOLOGY AND DRUG SAFETY","PHARMACOEPIDEM DR S","WILEY","1053-8569","1099-1557","PUBLIC, ENVIRONMENTAL & OCCUPATIONAL HEALTH","SCIE","8,064","2.6"," 173/443 ",
"AMERICAN JOURNAL OF COMMUNITY PSYCHOLOGY","AM J COMMUN PSYCHOL","WILEY","0091-0562","1573-2770","PUBLIC, ENVIRONMENTAL & OCCUPATIONAL HEALTH","SSCI","8,049","2.8"," 149/443 ",
"Journal of Infection and Public Health","J INFECT PUBLIC HEAL","ELSEVIER SCIENCE LONDON","1876-0341","1876-035X","PUBLIC, ENVIRONMENTAL & OCCUPATIONAL HEALTH","SCIE","8,036","4.8"," 55/443 ",
"Antimicrobial Resistance and Infection Control","ANTIMICROB RESIST IN","BMC","2047-2994","2047-2994","PUBLIC, ENVIRONMENTAL & OCCUPATIONAL HEALTH","SCIE","8,017","5.2"," 46/443 ",
"INDOOR AIR","INDOOR AIR","WILEY","0905-6947","1600-0668","PUBLIC, ENVIRONMENTAL & OCCUPATIONAL HEALTH","SCIE","7,995","2.7"," 160/443 ",
"PUBLIC HEALTH REPORTS","PUBLIC HEALTH REP","SAGE PUBLICATIONS INC","0033-3549","1468-2877","PUBLIC, ENVIRONMENTAL & OCCUPATIONAL HEALTH","SCIE, SSCI","7,956","2.3"," 209/443 ",
"DRUG SAFETY","DRUG SAFETY","ADIS INT LTD","0114-5916","1179-1942","PUBLIC, ENVIRONMENTAL & OCCUPATIONAL HEALTH","SCIE","7,886","5.9"," 34/443 ",
"JOURNAL OF AMERICAN COLLEGE HEALTH","J AM COLL HEALTH","ROUTLEDGE JOURNALS, TAYLOR & FRANCIS LTD","0744-8481","1940-3208","PUBLIC, ENVIRONMENTAL & OCCUPATIONAL HEALTH","SSCI","7,714","1.5"," 325/443 ",
"Pan African Medical Journal","PAN AFR MED J","AFRICAN FIELD EPIDEMIOLOGY NETWORK-AFENET","N/A","1937-8688","PUBLIC, ENVIRONMENTAL & OCCUPATIONAL HEALTH","ESCI","7,626","0.9"," 390/443 ",
"JOURNAL OF SAFETY RESEARCH","J SAFETY RES","PERGAMON-ELSEVIER SCIENCE LTD","0022-4375","1879-1247","PUBLIC, ENVIRONMENTAL & OCCUPATIONAL HEALTH","SSCI","7,579","4.3"," 66/443 ",
"CANCER CAUSES & CONTROL","CANCER CAUSE CONTROL","SPRINGER","0957-5243","1573-7225","PUBLIC, ENVIRONMENTAL & OCCUPATIONAL HEALTH","SCIE","7,445","2.2"," 218/443 ",
"HEALTH PROMOTION INTERNATIONAL","HEALTH PROMOT INT","OXFORD UNIV PRESS","0957-4824","1460-2245","PUBLIC, ENVIRONMENTAL & OCCUPATIONAL HEALTH","SCIE, SSCI","7,396","3.6"," 93/443 ",
"TRANSACTIONS OF THE ROYAL SOCIETY OF TROPICAL MEDICINE AND HYGIENE","T ROY SOC TROP MED H","OXFORD UNIV PRESS","0035-9203","1878-3503","PUBLIC, ENVIRONMENTAL & OCCUPATIONAL HEALTH","SCIE","7,355","1.6"," 301/443 ",
"Lancet Regional Health-Western Pacific","LANCET REG HEALTH-W","ELSEVIER","N/A","2666-6065","PUBLIC, ENVIRONMENTAL & OCCUPATIONAL HEALTH","SCIE, SSCI","7,348","9.4"," 14/443 ",
"PSYCHOLOGY & HEALTH","PSYCHOL HEALTH","TAYLOR & FRANCIS LTD","0887-0446","1476-8321","PUBLIC, ENVIRONMENTAL & OCCUPATIONAL HEALTH","SSCI","7,244","2"," 246/443 ",
"SCANDINAVIAN JOURNAL OF PUBLIC HEALTH","SCAND J PUBLIC HEALT","SAGE PUBLICATIONS LTD","1403-4948","1651-1905","PUBLIC, ENVIRONMENTAL & OCCUPATIONAL HEALTH","SCIE, SSCI","7,198","1.7"," 287/443 ",
"Cadernos de Saude Publica","CAD SAUDE PUBLICA","CADERNOS SAUDE PUBLICA","0102-311X","1678-4464","PUBLIC, ENVIRONMENTAL & OCCUPATIONAL HEALTH","SCIE, SSCI","7,151","2.1"," 231/443 ",
"WORK-A Journal of Prevention Assessment & Rehabilitation","WORK","SAGE PUBLICATIONS INC","1051-9815","1875-9270","PUBLIC, ENVIRONMENTAL & OCCUPATIONAL HEALTH","SSCI","7,088","1.6"," 301/443 ",
"Preventing Chronic Disease","PREV CHRONIC DIS","CENTERS DISEASE CONTROL & PREVENTION","1545-1151","1545-1151","PUBLIC, ENVIRONMENTAL & OCCUPATIONAL HEALTH","SCIE, SSCI","7,032","5.6"," 40/443 ",
"TROPICAL MEDICINE & INTERNATIONAL HEALTH","TROP MED INT HEALTH","WILEY","1360-2276","1365-3156","PUBLIC, ENVIRONMENTAL & OCCUPATIONAL HEALTH","SCIE","6,994","2.6"," 173/443 ",
"Clinical Epidemiology","CLIN EPIDEMIOL","DOVE MEDICAL PRESS LTD","1179-1349","1179-1349","PUBLIC, ENVIRONMENTAL & OCCUPATIONAL HEALTH","SCIE","6,859","4.3"," 66/443 ",
"Journal of Exposure Science and Environmental Epidemiology","J EXPO SCI ENV EPID","SPRINGERNATURE","1559-0631","1559-064X","PUBLIC, ENVIRONMENTAL & OCCUPATIONAL HEALTH","SCIE","6,825","5.9"," 34/443 ",
"Journal of Racial and Ethnic Health Disparities","J RACIAL ETHN HEALTH","SPRINGER INT PUBL AG","2197-3792","2196-8837","PUBLIC, ENVIRONMENTAL & OCCUPATIONAL HEALTH","SSCI","6,788","2.2"," 218/443 ",
"International Journal of Public Health","INT J PUBLIC HEALTH","FRONTIERS MEDIA SA","1661-8556","1661-8564","PUBLIC, ENVIRONMENTAL & OCCUPATIONAL HEALTH","SCIE, SSCI","6,690","3.2"," 120/443 ",
"Administration and Policy in Mental Health and Mental Health Services Research","ADM POLICY MENT HLTH","SPRINGER","0894-587X","1573-3289","PUBLIC, ENVIRONMENTAL & OCCUPATIONAL HEALTH","SSCI","6,588","2.6"," 173/443 ",
"PREVENTION SCIENCE","PREV SCI","SPRINGER/PLENUM PUBLISHERS","1389-4986","1573-6695","PUBLIC, ENVIRONMENTAL & OCCUPATIONAL HEALTH","SSCI","6,528","2.5"," 186/443 ",
"JOURNAL OF RELIGION & HEALTH","J RELIG HEALTH","SPRINGER","0022-4197","1573-6571","PUBLIC, ENVIRONMENTAL & OCCUPATIONAL HEALTH","SSCI","6,369","2.2"," 218/443 ",
"JMIR Research Protocols","JMIR RES PROTOC","JMIR PUBLICATIONS, INC","1929-0748","1929-0748","PUBLIC, ENVIRONMENTAL & OCCUPATIONAL HEALTH","ESCI","6,344","1.6"," 301/443 ",
"SOCIOLOGY OF HEALTH & ILLNESS","SOCIOL HEALTH ILL","WILEY","0141-9889","1467-9566","PUBLIC, ENVIRONMENTAL & OCCUPATIONAL HEALTH","SSCI","6,324","2.6"," 173/443 ",
"Health Science Reports","HEALTH SCI REP-US","WILEY","N/A","2398-8835","PUBLIC, ENVIRONMENTAL & OCCUPATIONAL HEALTH","ESCI","6,291","2.9"," 139/443 ",
"JOURNAL OF URBAN HEALTH-BULLETIN OF THE NEW YORK ACADEMY OF MEDICINE","J URBAN HEALTH","SPRINGER","1099-3460","1468-2869","PUBLIC, ENVIRONMENTAL & OCCUPATIONAL HEALTH","SCIE","6,263","3.2"," 120/443 ",
"Journal of Physical Activity & Health","J PHYS ACT HEALTH","HUMAN KINETICS PUBL INC","1543-3080","1543-5474","PUBLIC, ENVIRONMENTAL & OCCUPATIONAL HEALTH","SSCI","6,241","2.6"," 173/443 ",
"RADIATION PROTECTION DOSIMETRY","RADIAT PROT DOSIM","OXFORD UNIV PRESS","0144-8420","1742-3406","PUBLIC, ENVIRONMENTAL & OCCUPATIONAL HEALTH","SCIE","6,239","0.8"," 401/443 ",
"AIDS CARE-PSYCHOLOGICAL AND SOCIO-MEDICAL ASPECTS OF AIDS/HIV","AIDS CARE","ROUTLEDGE JOURNALS, TAYLOR & FRANCIS LTD","0954-0121","1360-0451","PUBLIC, ENVIRONMENTAL & OCCUPATIONAL HEALTH","SSCI","6,205","1.5"," 325/443 ",
"AMERICAN JOURNAL OF INDUSTRIAL MEDICINE","AM J IND MED","WILEY","0271-3586","1097-0274","PUBLIC, ENVIRONMENTAL & OCCUPATIONAL HEALTH","SCIE","6,194","2.4"," 193/443 ",
"Global Health Action","GLOBAL HEALTH ACTION","TAYLOR & FRANCIS LTD","N/A","1654-9880","PUBLIC, ENVIRONMENTAL & OCCUPATIONAL HEALTH","SCIE, SSCI","6,185","3.4"," 101/443 ",
"JMIR Public Health and Surveillance","JMIR PUBLIC HLTH SUR","JMIR PUBLICATIONS, INC","2369-2960","2369-2960","PUBLIC, ENVIRONMENTAL & OCCUPATIONAL HEALTH","SCIE, SSCI","6,077","4.4"," 60/443 ",
"Research in Social & Administrative Pharmacy","RES SOC ADMIN PHARM","ELSEVIER SCIENCE INC","1551-7411","1934-8150","PUBLIC, ENVIRONMENTAL & OCCUPATIONAL HEALTH","SSCI","6,064","3.4"," 101/443 ",
"Globalization and Health","GLOBALIZATION HEALTH","BMC","N/A","1744-8603","PUBLIC, ENVIRONMENTAL & OCCUPATIONAL HEALTH","SCIE, SSCI","5,948","6.1"," 32/443 ",
"HEALTH EDUCATION & BEHAVIOR","HEALTH EDUC BEHAV","SAGE PUBLICATIONS INC","1090-1981","1552-6127","PUBLIC, ENVIRONMENTAL & OCCUPATIONAL HEALTH","SSCI","5,938","2.2"," 218/443 ",
"JOURNAL OF PUBLIC HEALTH","J PUBLIC HEALTH-UK","OXFORD UNIV PRESS","1741-3842","1741-3850","PUBLIC, ENVIRONMENTAL & OCCUPATIONAL HEALTH","SCIE, SSCI","5,902","3.5"," 96/443 ",
"Journal of Education and Health Promotion","J EDUC HEALTH PROMOT","WOLTERS KLUWER MEDKNOW PUBLICATIONS","2277-9531","2319-6440","PUBLIC, ENVIRONMENTAL & OCCUPATIONAL HEALTH","ESCI","5,804","1.5"," 325/443 ",
"COMMUNITY DENTISTRY AND ORAL EPIDEMIOLOGY","COMMUNITY DENT ORAL","WILEY","0301-5661","1600-0528","PUBLIC, ENVIRONMENTAL & OCCUPATIONAL HEALTH","SCIE","5,788","2.9"," 139/443 ",
"Journal of Transport & Health","J TRANSP HEALTH","ELSEVIER SCI LTD","2214-1405","N/A","PUBLIC, ENVIRONMENTAL & OCCUPATIONAL HEALTH","SSCI","5,765","3.3"," 113/443 ",
"INTERNATIONAL ARCHIVES OF OCCUPATIONAL AND ENVIRONMENTAL HEALTH","INT ARCH OCC ENV HEA","SPRINGER","0340-0131","1432-1246","PUBLIC, ENVIRONMENTAL & OCCUPATIONAL HEALTH","SCIE","5,728","2.7"," 160/443 ",
"SCANDINAVIAN JOURNAL OF WORK ENVIRONMENT & HEALTH","SCAND J WORK ENV HEA","SCANDINAVIAN JOURNAL WORK ENVIRONMENT & HEALTH","0355-3140","1795-990X","PUBLIC, ENVIRONMENTAL & OCCUPATIONAL HEALTH","SCIE, SSCI","5,701","4"," 79/443 ",
"Iranian Journal of Public Health","IRAN J PUBLIC HEALTH","IRANIAN SCIENTIFIC SOCIETY MEDICAL ENTOMOLOGY","2251-6085","2251-6093","PUBLIC, ENVIRONMENTAL & OCCUPATIONAL HEALTH","SCIE, SSCI","5,622","1.9"," 260/443 ",
"Journal of Immigrant and Minority Health","J IMMIGR MINOR HEALT","SPRINGER","1557-1912","1557-1920","PUBLIC, ENVIRONMENTAL & OCCUPATIONAL HEALTH","SSCI","5,569","2.3"," 209/443 ",
"Archives of Public Health","ARCH PUBLIC HEALTH","BMC","0778-7367","2049-3258","PUBLIC, ENVIRONMENTAL & OCCUPATIONAL HEALTH","SCIE, SSCI","5,520","3.4"," 101/443 ",
"Cancer Epidemiology","CANCER EPIDEMIOL","ELSEVIER SCI LTD","1877-7821","1877-783X","PUBLIC, ENVIRONMENTAL & OCCUPATIONAL HEALTH","SCIE","5,498","3"," 133/443 ",
"JOURNAL OF COMMUNITY PSYCHOLOGY","J COMMUNITY PSYCHOL","WILEY","0090-4392","1520-6629","PUBLIC, ENVIRONMENTAL & OCCUPATIONAL HEALTH","SSCI","5,400","2.2"," 218/443 ",
"JAMA Health Forum","JAMA-HEALTH FORUM","AMER MEDICAL ASSOC","2689-0186","2689-0186","PUBLIC, ENVIRONMENTAL & OCCUPATIONAL HEALTH","SCIE, SSCI","5,374","12.5"," 9/443 ",
"Lancet Regional Health-Americas","LANCET REG HEALTH-AM","ELSEVIER","2667-193X","2667-193X","PUBLIC, ENVIRONMENTAL & OCCUPATIONAL HEALTH","ESCI","5,339","9.1"," 17/443 ",
"Psychology Health & Medicine","PSYCHOL HEALTH MED","ROUTLEDGE JOURNALS, TAYLOR & FRANCIS LTD","1354-8506","1465-3966","PUBLIC, ENVIRONMENTAL & OCCUPATIONAL HEALTH","SCIE, SSCI","5,305","2.2"," 218/443 ",
"COMMUNITY MENTAL HEALTH JOURNAL","COMMUNITY MENT HLT J","SPRINGER","0010-3853","1573-2789","PUBLIC, ENVIRONMENTAL & OCCUPATIONAL HEALTH","SSCI","5,205","2.1"," 231/443 ",
"JOURNAL OF COMMUNITY HEALTH","J COMMUN HEALTH","SPRINGER","0094-5145","1573-3610","PUBLIC, ENVIRONMENTAL & OCCUPATIONAL HEALTH","SSCI","5,135","2.1"," 231/443 ",
"REVISTA DE SAUDE PUBLICA","REV SAUDE PUBL","REVISTA DE SAUDE PUBLICA","0034-8910","1518-8787","PUBLIC, ENVIRONMENTAL & OCCUPATIONAL HEALTH","SCIE, SSCI","5,031","2.4"," 193/443 ",
"OCCUPATIONAL MEDICINE-OXFORD","OCCUP MED-OXFORD","OXFORD UNIV PRESS","0962-7480","1471-8405","PUBLIC, ENVIRONMENTAL & OCCUPATIONAL HEALTH","SCIE","5,004","2.4"," 193/443 ",
"AMERICAN JOURNAL OF HEALTH PROMOTION","AM J HEALTH PROMOT","SAGE PUBLICATIONS INC","0890-1171","2168-6602","PUBLIC, ENVIRONMENTAL & OCCUPATIONAL HEALTH","SSCI","4,954","2.1"," 231/443 ",
"Current Environmental Health Reports","CURR ENV HLTH REP","SPRINGERNATURE","N/A","2196-5412","PUBLIC, ENVIRONMENTAL & OCCUPATIONAL HEALTH","SCIE, SSCI","4,772","7.9"," 21/443 ",
"NEUROEPIDEMIOLOGY","NEUROEPIDEMIOLOGY","KARGER","0251-5350","1423-0208","PUBLIC, ENVIRONMENTAL & OCCUPATIONAL HEALTH","SCIE","4,723","2.9"," 139/443 ",
"Traffic Injury Prevention","TRAFFIC INJ PREV","TAYLOR & FRANCIS INC","1538-9588","1538-957X","PUBLIC, ENVIRONMENTAL & OCCUPATIONAL HEALTH","SCIE, SSCI","4,719","2.1"," 231/443 ",
"JOURNAL OF EPIDEMIOLOGY","J EPIDEMIOL","JAPAN EPIDEMIOLOGICAL ASSOC","0917-5040","0917-5040","PUBLIC, ENVIRONMENTAL & OCCUPATIONAL HEALTH","SCIE","4,698","2.7"," 160/443 ",
"Translational Behavioral Medicine","TRANSL BEHAV MED","OXFORD UNIV PRESS","1869-6716","1613-9860","PUBLIC, ENVIRONMENTAL & OCCUPATIONAL HEALTH","SCIE, SSCI","4,677","2.8"," 149/443 ",
"INJURY PREVENTION","INJURY PREV","BMJ PUBLISHING GROUP","1353-8047","1475-5785","PUBLIC, ENVIRONMENTAL & OCCUPATIONAL HEALTH","SCIE, SSCI","4,598","1.9"," 260/443 ",
"One Health","ONE HEALTH-AMSTERDAM","ELSEVIER","N/A","2352-7714","PUBLIC, ENVIRONMENTAL & OCCUPATIONAL HEALTH","SCIE","4,571","5.3"," 45/443 ",
"HEALTH PHYSICS","HEALTH PHYS","LIPPINCOTT WILLIAMS & WILKINS","0017-9078","1538-5159","PUBLIC, ENVIRONMENTAL & OCCUPATIONAL HEALTH","SCIE","4,478","1.2"," 363/443 ",
"VECTOR-BORNE AND ZOONOTIC DISEASES","VECTOR-BORNE ZOONOT","SAGE PUBLICATIONS INC","1530-3667","1557-7759","PUBLIC, ENVIRONMENTAL & OCCUPATIONAL HEALTH","SCIE","4,435","1.8"," 273/443 ",
"Disability and Health Journal","DISABIL HEALTH J","ELSEVIER SCIENCE INC","1936-6574","1876-7583","PUBLIC, ENVIRONMENTAL & OCCUPATIONAL HEALTH","SCIE, SSCI","4,352","3"," 133/443 ",
"JOURNAL OF CANCER EDUCATION","J CANCER EDUC","SPRINGER","0885-8195","1543-0154","PUBLIC, ENVIRONMENTAL & OCCUPATIONAL HEALTH","SCIE","4,247","1.6"," 301/443 ",
"JOURNAL OF SCHOOL HEALTH","J SCHOOL HEALTH","WILEY","0022-4391","1746-1561","PUBLIC, ENVIRONMENTAL & OCCUPATIONAL HEALTH","SCIE, SSCI","4,246","1.8"," 273/443 ",
"JOURNAL OF TRAVEL MEDICINE","J TRAVEL MED","OXFORD UNIV PRESS INC","1195-1982","1708-8305","PUBLIC, ENVIRONMENTAL & OCCUPATIONAL HEALTH","SCIE","4,177","5.5"," 42/443 ",
"AUSTRALIAN AND NEW ZEALAND JOURNAL OF PUBLIC HEALTH","AUST NZ J PUBL HEAL","ELSEVIER SCIENCE INC","1326-0200","1753-6405","PUBLIC, ENVIRONMENTAL & OCCUPATIONAL HEALTH","SCIE, SSCI","4,153","2.9"," 139/443 ",
"Disaster Medicine and Public Health Preparedness","DISASTER MED PUBLIC","CAMBRIDGE UNIV PRESS","1935-7893","1938-744X","PUBLIC, ENVIRONMENTAL & OCCUPATIONAL HEALTH","SCIE, SSCI","4,147","1.7"," 287/443 ",
"Global Public Health","GLOB PUBLIC HEALTH","ROUTLEDGE JOURNALS, TAYLOR & FRANCIS LTD","1744-1692","1744-1706","PUBLIC, ENVIRONMENTAL & OCCUPATIONAL HEALTH","SSCI","4,104","2.6"," 173/443 ",
"CANADIAN JOURNAL OF PUBLIC HEALTH-REVUE CANADIENNE DE SANTE PUBLIQUE","CAN J PUBLIC HEALTH","SPRINGER INT PUBL AG","0008-4263","1920-7476","PUBLIC, ENVIRONMENTAL & OCCUPATIONAL HEALTH","SSCI","4,051","2"," 246/443 ",
"JOURNAL OF HEALTH POPULATION AND NUTRITION","J HEALTH POPUL NUTR","BMC","1606-0997","2072-1315","PUBLIC, ENVIRONMENTAL & OCCUPATIONAL HEALTH","SCIE","4,020","3.7"," 89/443 ",
"Prehospital Emergency Care","PREHOSP EMERG CARE","TAYLOR & FRANCIS INC","1090-3127","1545-0066","PUBLIC, ENVIRONMENTAL & OCCUPATIONAL HEALTH","SCIE","4,015","2"," 246/443 ",
"JOURNAL OF RURAL HEALTH","J RURAL HEALTH","WILEY","0890-765X","1748-0361","PUBLIC, ENVIRONMENTAL & OCCUPATIONAL HEALTH","SCIE, SSCI","3,956","3.2"," 120/443 ",
"JOURNAL OF TOXICOLOGY AND ENVIRONMENTAL HEALTH-PART A-CURRENT ISSUES","J TOXICOL ENV HEAL A","TAYLOR & FRANCIS INC","1528-7394","1087-2620","PUBLIC, ENVIRONMENTAL & OCCUPATIONAL HEALTH","SCIE","3,923","2.4"," 193/443 ",
"American Journal of Mens Health","AM J MENS HEALTH","SAGE PUBLICATIONS INC","1557-9883","1557-9891","PUBLIC, ENVIRONMENTAL & OCCUPATIONAL HEALTH","SSCI","3,918","2.4"," 193/443 ",
"INDOOR AND BUILT ENVIRONMENT","INDOOR BUILT ENVIRON","SAGE PUBLICATIONS LTD","1420-326X","1423-0070","PUBLIC, ENVIRONMENTAL & OCCUPATIONAL HEALTH","SCIE","3,863","2.7"," 160/443 ",
"JOURNAL OF HEALTH CARE FOR THE POOR AND UNDERSERVED","J HEALTH CARE POOR U","JOHNS HOPKINS UNIV PRESS","1049-2089","1548-6869","PUBLIC, ENVIRONMENTAL & OCCUPATIONAL HEALTH","SSCI","3,856","1.2"," 363/443 ",
"Annals of Global Health","ANN GLOB HEALTH","UBIQUITY PRESS LTD","2214-9996","2214-9996","PUBLIC, ENVIRONMENTAL & OCCUPATIONAL HEALTH","SCIE","3,799","5.1"," 51/443 ",
"MMWR Recommendations and Reports","MMWR RECOMM REP","CENTERS DISEASE CONTROL & PREVENTION","1057-5987","1545-8601","PUBLIC, ENVIRONMENTAL & OCCUPATIONAL HEALTH","SCIE","3,790","51.3"," 2/443 ",
"Environmental Health and Preventive Medicine","ENVIRON HEALTH PREV","JAPANESE SOC HYGIENE","1342-078X","1347-4715","PUBLIC, ENVIRONMENTAL & OCCUPATIONAL HEALTH","SCIE, SSCI","3,721","2.9"," 139/443 ",
"INTERNATIONAL JOURNAL OF ENVIRONMENTAL HEALTH RESEARCH","INT J ENVIRON HEAL R","TAYLOR & FRANCIS LTD","0960-3123","1369-1619","PUBLIC, ENVIRONMENTAL & OCCUPATIONAL HEALTH","SCIE","3,707","2"," 246/443 ",
"HEALTH EDUCATION RESEARCH","HEALTH EDUC RES","OXFORD UNIV PRESS","0268-1153","1465-3648","PUBLIC, ENVIRONMENTAL & OCCUPATIONAL HEALTH","SSCI","3,675","1.6"," 301/443 ",
"American Journal of Lifestyle Medicine","AM J LIFESTYLE MED","SAGE PUBLICATIONS INC","1559-8276","1559-8284","PUBLIC, ENVIRONMENTAL & OCCUPATIONAL HEALTH","ESCI","3,666","1.9"," 260/443 ",
"International Journal of Qualitative Studies on Health and Well-Being","INT J QUAL STUD HEAL","TAYLOR & FRANCIS LTD","1748-2623","1748-2631","PUBLIC, ENVIRONMENTAL & OCCUPATIONAL HEALTH","SSCI","3,645","2.4"," 193/443 ",
"PAEDIATRIC AND PERINATAL EPIDEMIOLOGY","PAEDIATR PERINAT EP","WILEY","0269-5022","1365-3016","PUBLIC, ENVIRONMENTAL & OCCUPATIONAL HEALTH","SCIE","3,640","2.7"," 160/443 ",
"JMIR Serious Games","JMIR SERIOUS GAMES","JMIR PUBLICATIONS, INC","2291-9279","2291-9279","PUBLIC, ENVIRONMENTAL & OCCUPATIONAL HEALTH","SCIE","3,631","4.7"," 56/443 ",
"Health Promotion Practice","HEALTH PROMOT PRACT","SAGE PUBLICATIONS INC","1524-8399","1552-6372","PUBLIC, ENVIRONMENTAL & OCCUPATIONAL HEALTH","ESCI","3,572","1.5"," 325/443 ",
"BIOMEDICAL AND ENVIRONMENTAL SCIENCES","BIOMED ENVIRON SCI","CHINESE CENTER DISEASE CONTROL & PREVENTION","0895-3988","2214-0190","PUBLIC, ENVIRONMENTAL & OCCUPATIONAL HEALTH","SCIE","3,537","4.5"," 58/443 ",
"Current Pollution Reports","CURR POLLUT REP","SPRINGER HEIDELBERG","2198-6592","2198-6592","PUBLIC, ENVIRONMENTAL & OCCUPATIONAL HEALTH","SCIE","3,523","9.3"," 15/443 ",
"MMWR Surveillance Summaries","MMWR SURVEILL SUMM","CENTERS DISEASE CONTROL & PREVENTION","1545-8636","1545-8636","PUBLIC, ENVIRONMENTAL & OCCUPATIONAL HEALTH","SCIE","3,511","96.9"," 1/443 ",
"Travel Medicine and Infectious Disease","TRAVEL MED INFECT DI","ELSEVIER SCI LTD","1477-8939","1873-0442","PUBLIC, ENVIRONMENTAL & OCCUPATIONAL HEALTH","SCIE","3,506","5.6"," 40/443 ",
"WOMENS HEALTH ISSUES","WOMEN HEALTH ISS","ELSEVIER SCIENCE INC","1049-3867","1878-4321","PUBLIC, ENVIRONMENTAL & OCCUPATIONAL HEALTH","SSCI","3,470","2.6"," 173/443 ",
"International Journal of Transgender Health","INT J TRANSGEND HEAL","TAYLOR & FRANCIS INC","2689-5269","2689-5277","PUBLIC, ENVIRONMENTAL & OCCUPATIONAL HEALTH","SCIE, SSCI","3,422","8.4"," 19/443 ",
"EASTERN MEDITERRANEAN HEALTH JOURNAL","E MEDITERR HEALTH J","WHO EASTERN MEDITERRANEAN REGIONAL OFFICE","1020-3397","1687-1634","PUBLIC, ENVIRONMENTAL & OCCUPATIONAL HEALTH","SCIE","3,394","1.9"," 260/443 ",
"JOURNAL OF PUBLIC HEALTH MANAGEMENT AND PRACTICE","J PUBLIC HEALTH MAN","LIPPINCOTT WILLIAMS & WILKINS","1078-4659","1550-5022","PUBLIC, ENVIRONMENTAL & OCCUPATIONAL HEALTH","SSCI","3,353","1.7"," 287/443 ",
"Clinical Epidemiology and Global Health","CLIN EPIDEMIOL GLOB","ELSEVIER - DIVISION REED ELSEVIER INDIA PVT LTD","2452-0918","2213-3984","PUBLIC, ENVIRONMENTAL & OCCUPATIONAL HEALTH","ESCI","3,341","1.9"," 260/443 ",
"AIDS PATIENT CARE AND STDS","AIDS PATIENT CARE ST","SAGE PUBLICATIONS INC","1087-2914","1557-7449","PUBLIC, ENVIRONMENTAL & OCCUPATIONAL HEALTH","SSCI","3,337","4.4"," 60/443 ",
"REVISTA PANAMERICANA DE SALUD PUBLICA-PAN AMERICAN JOURNAL OF PUBLIC HEALTH","REV PANAM SALUD PUBL","PAN AMER HEALTH ORGANIZATION","1020-4989","1680-5348","PUBLIC, ENVIRONMENTAL & OCCUPATIONAL HEALTH","SSCI","3,326","1.7"," 287/443 ",
"Journal of Public Health-Heidelberg","J PUBLIC HEALTH-HEID","SPRINGER HEIDELBERG","2198-1833","1613-2238","PUBLIC, ENVIRONMENTAL & OCCUPATIONAL HEALTH","ESCI","3,322","1.6"," 301/443 ",
"China CDC Weekly","CHINA CDC WEEKLY","Chinese Center for Disease Control and Prevention","2096-7071","2097-3101","PUBLIC, ENVIRONMENTAL & OCCUPATIONAL HEALTH","SCIE, SSCI","3,308","3.5"," 96/443 ",
"Analytic Methods in Accident Research","ANAL METHODS ACCID R","ELSEVIER","2213-6657","2213-6665","PUBLIC, ENVIRONMENTAL & OCCUPATIONAL HEALTH","SSCI","3,277","10.7"," 12/443 ",
"REVIEWS ON ENVIRONMENTAL HEALTH","REV ENVIRON HEALTH","WALTER DE GRUYTER GMBH","0048-7554","2191-0308","PUBLIC, ENVIRONMENTAL & OCCUPATIONAL HEALTH","SCIE","3,253","5.2"," 46/443 ",
"Journal of Epidemiology and Global Health","J EPIDEMIOL GLOB HEA","SPRINGERNATURE","2210-6006","2210-6014","PUBLIC, ENVIRONMENTAL & OCCUPATIONAL HEALTH","SCIE, SSCI","3,226","4"," 79/443 ",
"INTERNATIONAL JOURNAL OF HEALTH PLANNING AND MANAGEMENT","INT J HEALTH PLAN M","WILEY","0749-6753","1099-1751","PUBLIC, ENVIRONMENTAL & OCCUPATIONAL HEALTH","SSCI","3,226","2.5"," 186/443 ",
"EPIDEMIOLOGIC REVIEWS","EPIDEMIOL REV","OXFORD UNIV PRESS INC","0193-936X","1478-6729","PUBLIC, ENVIRONMENTAL & OCCUPATIONAL HEALTH","SCIE","3,177","9.6"," 13/443 ",
"Bundesgesundheitsblatt-Gesundheitsforschung-Gesundheitsschutz","BUNDESGESUNDHEITSBLA","SPRINGER","1436-9990","1437-1588","PUBLIC, ENVIRONMENTAL & OCCUPATIONAL HEALTH","SCIE","3,104","1.6"," 301/443 ",
"International Journal of Health Geographics","INT J HEALTH GEOGR","BMC","1476-072X","1476-072X","PUBLIC, ENVIRONMENTAL & OCCUPATIONAL HEALTH","SCIE, SSCI","3,096","4.1"," 75/443 ",
"JOURNAL OF ENVIRONMENTAL SCIENCE AND HEALTH PART B-PESTICIDES FOOD CONTAMINANTS AND AGRICULTURAL WASTES","J ENVIRON SCI HEAL B","TAYLOR & FRANCIS INC","0360-1234","1532-4109","PUBLIC, ENVIRONMENTAL & OCCUPATIONAL HEALTH","SCIE","3,081","2"," 246/443 ",
"International Journal of Occupational Safety and Ergonomics","INT J OCCUP SAF ERGO","TAYLOR & FRANCIS LTD","1080-3548","2376-9130","PUBLIC, ENVIRONMENTAL & OCCUPATIONAL HEALTH","SSCI","3,081","1.8"," 273/443 ",
"LGBT Health","LGBT HEALTH","SAGE PUBLICATIONS INC","2325-8292","2325-8306","PUBLIC, ENVIRONMENTAL & OCCUPATIONAL HEALTH","SCIE, SSCI","3,070","3.1"," 128/443 ",
"JOURNAL OF OCCUPATIONAL HEALTH","J OCCUP HEALTH","OXFORD UNIV PRESS","1341-9145","1348-9585","PUBLIC, ENVIRONMENTAL & OCCUPATIONAL HEALTH","SCIE","3,059","2.8"," 149/443 ",
"Asian Pacific Journal of Tropical Medicine","ASIAN PAC J TROP MED","WOLTERS KLUWER MEDKNOW PUBLICATIONS","1995-7645","2352-4146","PUBLIC, ENVIRONMENTAL & OCCUPATIONAL HEALTH","SCIE","3,053","1.8"," 273/443 ",
"INTERNATIONAL JOURNAL OF TECHNOLOGY ASSESSMENT IN HEALTH CARE","INT J TECHNOL ASSESS","CAMBRIDGE UNIV PRESS","0266-4623","1471-6348","PUBLIC, ENVIRONMENTAL & OCCUPATIONAL HEALTH","SCIE","3,037","3"," 133/443 ",
"Rural and Remote Health","RURAL REMOTE HEALTH","COLL MEDICINE & DENTISTRY, JAMES COOK UNIV TOWNSVILLE","1445-6354","N/A","PUBLIC, ENVIRONMENTAL & OCCUPATIONAL HEALTH","SCIE, SSCI","3,031","3.5"," 96/443 ",
"Conflict and Health","CONFL HEALTH","BMC","1752-1505","1752-1505","PUBLIC, ENVIRONMENTAL & OCCUPATIONAL HEALTH","SCIE, SSCI","2,984","6.4"," 28/443 ",
"ETHNICITY & HEALTH","ETHNIC HEALTH","ROUTLEDGE JOURNALS, TAYLOR & FRANCIS LTD","1355-7858","1465-3419","PUBLIC, ENVIRONMENTAL & OCCUPATIONAL HEALTH","SCIE","2,877","2.1"," 231/443 ",
"PUBLIC HEALTH NURSING","PUBLIC HEALTH NURS","WILEY","0737-1209","1525-1446","PUBLIC, ENVIRONMENTAL & OCCUPATIONAL HEALTH","SCIE, SSCI","2,844","1.8"," 273/443 ",
"ANNALS OF AGRICULTURAL AND ENVIRONMENTAL MEDICINE","ANN AGR ENV MED","Inst Rural Health Lublin, Poland","1232-1966","1898-2263","PUBLIC, ENVIRONMENTAL & OCCUPATIONAL HEALTH","SCIE","2,811","1.5"," 325/443 ",
"SALUD PUBLICA DE MEXICO","SALUD PUBLICA MEXICO","INST NACIONAL SALUD PUBLICA","0036-3634","1606-7916","PUBLIC, ENVIRONMENTAL & OCCUPATIONAL HEALTH","SSCI","2,810","3.9"," 84/443 ",
"TOXICOLOGY AND INDUSTRIAL HEALTH","TOXICOL IND HEALTH","SAGE PUBLICATIONS INC","0748-2337","1477-0393","PUBLIC, ENVIRONMENTAL & OCCUPATIONAL HEALTH","SCIE","2,807","1.6"," 301/443 ",
"ETHNICITY & DISEASE","ETHNIC DIS","ETHNICITY & DISEASE, INC","1049-510X","1945-0826","PUBLIC, ENVIRONMENTAL & OCCUPATIONAL HEALTH","SCIE","2,782","1.6"," 301/443 ",
"JOURNAL OF TOXICOLOGY AND ENVIRONMENTAL HEALTH-PART B-CRITICAL REVIEWS","J TOXICOL ENV HEAL B","TAYLOR & FRANCIS INC","1093-7404","1521-6950","PUBLIC, ENVIRONMENTAL & OCCUPATIONAL HEALTH","SCIE","2,770","11.6"," 10/443 ",
"Epidemiology and Health","EPIDEMIOL HEALTH","KOREAN SOC EPIDEMIOLOGY","2092-7193","2092-7193","PUBLIC, ENVIRONMENTAL & OCCUPATIONAL HEALTH","SCIE","2,754","2.4"," 193/443 ",
"Safety and Health at Work","SAF HEALTH WORK-KR","ELSEVIER","2093-7911","2093-7997","PUBLIC, ENVIRONMENTAL & OCCUPATIONAL HEALTH","SCIE, SSCI","2,707","3.2"," 120/443 ",
"JOURNAL OF OCCUPATIONAL AND ENVIRONMENTAL HYGIENE","J OCCUP ENVIRON HYG","TAYLOR & FRANCIS INC","1545-9624","1545-9632","PUBLIC, ENVIRONMENTAL & OCCUPATIONAL HEALTH","SCIE","2,658","1.4"," 341/443 ",
"INDUSTRIAL HEALTH","IND HEALTH","NATL INST OCCUPATIONAL SAFETY & HEALTH, JAPAN","0019-8366","1880-8026","PUBLIC, ENVIRONMENTAL & OCCUPATIONAL HEALTH","SCIE","2,653","1.6"," 301/443 ",
"Global Health-Science and Practice","GLOB HEALTH-SCI PRAC","JOHNS HOPKINS CENTER COMMUNICATION PROGRAMS-CCP","2169-575X","2169-575X","PUBLIC, ENVIRONMENTAL & OCCUPATIONAL HEALTH","SCIE, SSCI","2,639","2.8"," 149/443 ",
"Tobacco Induced Diseases","TOB INDUC DIS","EUROPEAN PUBLISHING","1617-9625","1617-9625","PUBLIC, ENVIRONMENTAL & OCCUPATIONAL HEALTH","SCIE, SSCI","2,551","2.4"," 193/443 ",
"GeoHealth","GEOHEALTH","AMER GEOPHYSICAL UNION","2471-1403","2471-1403","PUBLIC, ENVIRONMENTAL & OCCUPATIONAL HEALTH","SCIE","2,519","5"," 53/443 ",
"Health Care for Women International","HEALTH CARE WOMEN IN","TAYLOR & FRANCIS INC","0739-9332","1096-4665","PUBLIC, ENVIRONMENTAL & OCCUPATIONAL HEALTH","SSCI","2,482","1.2"," 363/443 ",
"HERD-Health Environments Research & Design Journal","HERD-HEALTH ENV RES","SAGE PUBLICATIONS INC","1937-5867","2167-5112","PUBLIC, ENVIRONMENTAL & OCCUPATIONAL HEALTH","SSCI","2,481","2.3"," 209/443 ",
"International Health","INT HEALTH","OXFORD UNIV PRESS","1876-3413","1876-3405","PUBLIC, ENVIRONMENTAL & OCCUPATIONAL HEALTH","SCIE, SSCI","2,457","2.4"," 193/443 ",
"ANNALS OF HUMAN BIOLOGY","ANN HUM BIOL","TAYLOR & FRANCIS LTD","0301-4460","1464-5033","PUBLIC, ENVIRONMENTAL & OCCUPATIONAL HEALTH","SCIE, SSCI","2,452","1.8"," 273/443 ",
"WOMEN & HEALTH","WOMEN HEALTH","ROUTLEDGE JOURNALS, TAYLOR & FRANCIS LTD","0363-0242","1541-0331","PUBLIC, ENVIRONMENTAL & OCCUPATIONAL HEALTH","SSCI","2,415","1.1"," 369/443 ",
"Australian Journal of Rural Health","AUST J RURAL HEALTH","WILEY","1038-5282","1440-1584","PUBLIC, ENVIRONMENTAL & OCCUPATIONAL HEALTH","SCIE, SSCI","2,375","2.4"," 193/443 ",
"Economics & Human Biology","ECON HUM BIOL","ELSEVIER","1570-677X","1873-6130","PUBLIC, ENVIRONMENTAL & OCCUPATIONAL HEALTH","SCIE, SSCI","2,351","2"," 246/443 ",
"Indian Journal of Community Medicine","INDIAN J COMMUN MED","WOLTERS KLUWER MEDKNOW PUBLICATIONS","0970-0218","1998-3581","PUBLIC, ENVIRONMENTAL & OCCUPATIONAL HEALTH","ESCI","2,338","1.6"," 301/443 ",
"Pathogens and Global Health","PATHOG GLOB HEALTH","TAYLOR & FRANCIS LTD","2047-7724","2047-7732","PUBLIC, ENVIRONMENTAL & OCCUPATIONAL HEALTH","SCIE","2,286","3.4"," 101/443 ",
"Gaceta Sanitaria","GAC SANIT","ELSEVIER","0213-9111","1578-1283","PUBLIC, ENVIRONMENTAL & OCCUPATIONAL HEALTH","SCIE, SSCI","2,226","1.5"," 325/443 ",
"Asia-Pacific Journal of Public Health","ASIA-PAC J PUBLIC HE","SAGE PUBLICATIONS INC","1010-5395","1941-2479","PUBLIC, ENVIRONMENTAL & OCCUPATIONAL HEALTH","SCIE, SSCI","2,200","0.9"," 390/443 ",
"Revista Brasileira de Epidemiologia","REV BRAS EPIDEMIOL","ABRASCO - Brazilian Association of Collective Health","1415-790X","1980-5497","PUBLIC, ENVIRONMENTAL & OCCUPATIONAL HEALTH","ESCI","2,165","1.6"," 301/443 ",
"Current Epidemiology Reports","CURR EPIDEMIOL REP","SPRINGER HEIDELBERG","N/A","2196-2995","PUBLIC, ENVIRONMENTAL & OCCUPATIONAL HEALTH","SCIE","2,164","3.8"," 87/443 ",
"Epidemiologia e Servicos de Saude","EPIDEMIOL SERV SAUDE","MINISTERIO DA SAUDE","1679-4974","2237-9622","PUBLIC, ENVIRONMENTAL & OCCUPATIONAL HEALTH","ESCI","2,129","1.1"," 369/443 ",
"Archives of Environmental & Occupational Health","ARCH ENVIRON OCCUP H","ROUTLEDGE JOURNALS, TAYLOR & FRANCIS LTD","1933-8244","2154-4700","PUBLIC, ENVIRONMENTAL & OCCUPATIONAL HEALTH","SCIE","2,107","1.2"," 363/443 ",
"PUBLIC HEALTH REVIEWS","PUBLIC HEALTH REV","FRONTIERS MEDIA SA","N/A","2107-6952","PUBLIC, ENVIRONMENTAL & OCCUPATIONAL HEALTH","ESCI","2,091","5.2"," 46/443 ",
"Transgender Health","TRANSGENDER HEALTH","SAGE PUBLICATIONS INC","2688-4887","2380-193X","PUBLIC, ENVIRONMENTAL & OCCUPATIONAL HEALTH","SCIE, SSCI","2,066","1.8"," 273/443 ",
"Health Equity","HEALTH EQUITY","SAGE PUBLICATIONS INC","N/A","2473-1242","PUBLIC, ENVIRONMENTAL & OCCUPATIONAL HEALTH","ESCI","2,055","2.3"," 209/443 ",
"JOURNAL OF PUBLIC HEALTH DENTISTRY","J PUBLIC HEALTH DENT","WILEY","0022-4006","1752-7325","PUBLIC, ENVIRONMENTAL & OCCUPATIONAL HEALTH","SCIE","2,055","1.8"," 273/443 ",
"Sex Education-Sexuality Society and Learning","SEX EDUC-SEX SOC LEA","ROUTLEDGE JOURNALS, TAYLOR & FRANCIS LTD","1468-1811","1472-0825","PUBLIC, ENVIRONMENTAL & OCCUPATIONAL HEALTH","SSCI","2,050","2.1"," 231/443 ",
"STUDIES IN FAMILY PLANNING","STUD FAMILY PLANN","WILEY","0039-3665","1728-4465","PUBLIC, ENVIRONMENTAL & OCCUPATIONAL HEALTH","SSCI","2,046","3.9"," 84/443 ",
"Journal of Preventive Medicine & Public Health","J PREV MED PUBLIC HL","Korean Soc Preventive Medicine","1975-8375","2233-4521","PUBLIC, ENVIRONMENTAL & OCCUPATIONAL HEALTH","ESCI","2,014","2.9"," 139/443 ",
"Frontiers in Global Womens Health","FRONT GLOB WOMEN HLT","FRONTIERS MEDIA SA","N/A","2673-5059","PUBLIC, ENVIRONMENTAL & OCCUPATIONAL HEALTH","ESCI","2,007","2.5"," 186/443 ",
"Health Promotion Journal of Australia","HEALTH PROMOT J AUST","WILEY","1036-1073","2201-1617","PUBLIC, ENVIRONMENTAL & OCCUPATIONAL HEALTH","SSCI","2,006","2"," 246/443 ",
"Games for Health Journal","GAMES HEALTH J","SAGE PUBLICATIONS INC","2161-783X","2161-7856","PUBLIC, ENVIRONMENTAL & OCCUPATIONAL HEALTH","SSCI","2,003","3.1"," 128/443 ",
"JOURNAL OF RADIOLOGICAL PROTECTION","J RADIOL PROT","IOP Publishing Ltd","0952-4746","1361-6498","PUBLIC, ENVIRONMENTAL & OCCUPATIONAL HEALTH","SCIE","1,956","1.7"," 287/443 ",
"Lancet Regional Health - Southeast Asia","LANCET REG HLTH-SE A","ELSEVIER","2772-3682","2772-3682","PUBLIC, ENVIRONMENTAL & OCCUPATIONAL HEALTH","ESCI","1,947","6.4"," 28/443 ",
"Population Health Metrics","POPUL HEALTH METR","BMC","1478-7954","1478-7954","PUBLIC, ENVIRONMENTAL & OCCUPATIONAL HEALTH","SSCI","1,932","3.3"," 113/443 ",
"WILDERNESS & ENVIRONMENTAL MEDICINE","WILD ENVIRON MED","SAGE PUBLICATIONS INC","1080-6032","1545-1534","PUBLIC, ENVIRONMENTAL & OCCUPATIONAL HEALTH","SCIE","1,901","1.6"," 301/443 ",
"Sexual Health","SEX HEALTH","CSIRO PUBLISHING","1448-5028","1449-8987","PUBLIC, ENVIRONMENTAL & OCCUPATIONAL HEALTH","SCIE, SSCI","1,897","2"," 246/443 ",
"International Journal of Occupational Medicine and Environmental Health","INT J OCCUP MED ENV","NOFER INST OCCUPATIONAL MEDICINE, POLAND","1232-1087","1896-494X","PUBLIC, ENVIRONMENTAL & OCCUPATIONAL HEALTH","SCIE","1,883","2"," 246/443 ",
"HIGH ALTITUDE MEDICINE & BIOLOGY","HIGH ALT MED BIOL","SAGE PUBLICATIONS INC","1527-0297","1557-8682","PUBLIC, ENVIRONMENTAL & OCCUPATIONAL HEALTH","SCIE","1,880","1.3"," 354/443 ",
"Sexual & Reproductive Healthcare","SEX REPROD HEALTHC","ELSEVIER IRELAND LTD","1877-5756","1877-5764","PUBLIC, ENVIRONMENTAL & OCCUPATIONAL HEALTH","SSCI","1,842","2"," 246/443 ",
"Journal of Public Health Research","J PUBLIC HEALTH RES","SAGE PUBLICATIONS INC","2279-9028","2279-9036","PUBLIC, ENVIRONMENTAL & OCCUPATIONAL HEALTH","ESCI","1,827","2.1"," 231/443 ",
"Critical Public Health","CRIT PUBLIC HEALTH","ROUTLEDGE JOURNALS, TAYLOR & FRANCIS LTD","0958-1596","1469-3682","PUBLIC, ENVIRONMENTAL & OCCUPATIONAL HEALTH","SSCI","1,816","2.6"," 173/443 ",
"International Journal of Circumpolar Health","INT J CIRCUMPOL HEAL","TAYLOR & FRANCIS LTD","1239-9736","2242-3982","PUBLIC, ENVIRONMENTAL & OCCUPATIONAL HEALTH","SCIE, SSCI","1,794","1.7"," 287/443 ",
"Stigma and Health","STIGMA HEALTH","EDUCATIONAL PUBLISHING FOUNDATION-AMERICAN PSYCHOLOGICAL ASSOC","2376-6972","2376-6964","PUBLIC, ENVIRONMENTAL & OCCUPATIONAL HEALTH","ESCI","1,782","1.7"," 287/443 ",
"Environmental Health Insights","ENVIRON HEALTH INSIG","SAGE PUBLICATIONS LTD","1178-6302","1178-6302","PUBLIC, ENVIRONMENTAL & OCCUPATIONAL HEALTH","ESCI","1,778","3.4"," 101/443 ",
"Journal of Developmental Origins of Health and Disease","J DEV ORIG HLTH DIS","CAMBRIDGE UNIV PRESS","2040-1744","2040-1752","PUBLIC, ENVIRONMENTAL & OCCUPATIONAL HEALTH","SCIE","1,773","1.6"," 301/443 ",
"EUROPEAN JOURNAL OF CONTRACEPTION AND REPRODUCTIVE HEALTH CARE","EUR J CONTRACEP REPR","TAYLOR & FRANCIS LTD","1362-5187","1473-0782","PUBLIC, ENVIRONMENTAL & OCCUPATIONAL HEALTH","SCIE","1,772","2"," 246/443 ",
"HEALTH","HEALTH-LONDON","SAGE PUBLICATIONS LTD","1363-4593","1461-7196","PUBLIC, ENVIRONMENTAL & OCCUPATIONAL HEALTH","SSCI","1,768","2"," 246/443 ",
"Disaster Prevention and Management","DISASTER PREV MANAG","EMERALD GROUP PUBLISHING LTD","0965-3562","1758-6100","PUBLIC, ENVIRONMENTAL & OCCUPATIONAL HEALTH","SSCI","1,766","1.5"," 325/443 ",
"African Journal of Reproductive Health","AFR J REPROD HEALTH","WOMENS HEALTH & ACTION RESEARCH CENTRE","1118-4841","2141-3606","PUBLIC, ENVIRONMENTAL & OCCUPATIONAL HEALTH","SSCI","1,742","1"," 379/443 ",
"Frontiers in Reproductive Health","FRONT REPROD HEALTH","FRONTIERS MEDIA SA","N/A","2673-3153","PUBLIC, ENVIRONMENTAL & OCCUPATIONAL HEALTH","ESCI","1,727","3.1"," 128/443 ",
"Progress in Disaster Science","PROG DISASTER SCI","ELSEVIER","2590-0617","2590-0617","PUBLIC, ENVIRONMENTAL & OCCUPATIONAL HEALTH","ESCI","1,686","4"," 79/443 ",
"Annals of Work Exposures and Health","ANN WORK EXPOS HEAL","OXFORD UNIV PRESS","2398-7308","2398-7316","PUBLIC, ENVIRONMENTAL & OCCUPATIONAL HEALTH","SCIE","1,683","2.1"," 231/443 ",
"HEALTH EDUCATION JOURNAL","HEALTH EDUC J","SAGE PUBLICATIONS LTD","0017-8969","1748-8176","PUBLIC, ENVIRONMENTAL & OCCUPATIONAL HEALTH","SSCI","1,672","1.7"," 287/443 ",
"Global Health Research and Policy","GLOB HEALTH RES POL","KEAI PUBLISHING LTD","N/A","2397-0642","PUBLIC, ENVIRONMENTAL & OCCUPATIONAL HEALTH","ESCI","1,658","6"," 33/443 ",
"Journal of Tropical Medicine","J TROP MED-US","WILEY","1687-9686","1687-9694","PUBLIC, ENVIRONMENTAL & OCCUPATIONAL HEALTH","SCIE","1,652","2.6"," 173/443 ",
"Perspectives in Public Health","PERSPECT PUBLIC HEAL","SAGE PUBLICATIONS LTD","1757-9139","1757-9147","PUBLIC, ENVIRONMENTAL & OCCUPATIONAL HEALTH","SSCI","1,646","2.3"," 209/443 ",
"GESUNDHEITSWESEN","GESUNDHEITSWESEN","GEORG THIEME VERLAG KG","0941-3790","1439-4421","PUBLIC, ENVIRONMENTAL & OCCUPATIONAL HEALTH","SSCI","1,631","1.1"," 369/443 ",
"Journal of Agromedicine","J AGROMEDICINE","TAYLOR & FRANCIS INC","1059-924X","1545-0813","PUBLIC, ENVIRONMENTAL & OCCUPATIONAL HEALTH","SCIE","1,591","1.6"," 301/443 ",
"JOURNAL OF BEHAVIORAL HEALTH SERVICES & RESEARCH","J BEHAV HEALTH SER R","SPRINGER","1094-3412","1556-3308","PUBLIC, ENVIRONMENTAL & OCCUPATIONAL HEALTH","SCIE, SSCI","1,581","1.6"," 301/443 ",
"MEDICAL ANTHROPOLOGY QUARTERLY","MED ANTHROPOL Q","WILEY","0745-5194","1548-1387","PUBLIC, ENVIRONMENTAL & OCCUPATIONAL HEALTH","SSCI","1,576","1.9"," 260/443 ",
"Noise & Health","NOISE HEALTH","WOLTERS KLUWER MEDKNOW PUBLICATIONS","1463-1741","1998-4030","PUBLIC, ENVIRONMENTAL & OCCUPATIONAL HEALTH","SCIE","1,571","1.5"," 325/443 ",
"Health Promotion Perspectives","HEALTH PROMOT PERSPE","TABRIZ UNIV MEDICAL SCIENCES & HEALTH SERVICES","2228-6497","2228-6497","PUBLIC, ENVIRONMENTAL & OCCUPATIONAL HEALTH","ESCI","1,566","4.4"," 60/443 ",
"JOURNAL OF PUBLIC HEALTH POLICY","J PUBLIC HEALTH POL","PALGRAVE MACMILLAN LTD","0197-5897","1745-655X","PUBLIC, ENVIRONMENTAL & OCCUPATIONAL HEALTH","SCIE, SSCI","1,565","2.1"," 231/443 ",
"JANAC-JOURNAL OF THE ASSOCIATION OF NURSES IN AIDS CARE","J ASSOC NURSE AIDS C","LIPPINCOTT WILLIAMS & WILKINS","1055-3290","1552-6917","PUBLIC, ENVIRONMENTAL & OCCUPATIONAL HEALTH","SCIE, SSCI","1,548","1.4"," 341/443 ",
"Health Reports","HEALTH REP","STATISTICS CANADA","0840-6529","1209-1367","PUBLIC, ENVIRONMENTAL & OCCUPATIONAL HEALTH","SCIE, SSCI","1,530","3.4"," 101/443 ",
"Frontiers in Health Services","FRONT HEALTH SERV","FRONTIERS MEDIA SA","N/A","2813-0146","PUBLIC, ENVIRONMENTAL & OCCUPATIONAL HEALTH","ESCI","1,527","2.6"," 173/443 ",
"SSM-Qualitative Research in Health","SSM-QUAL RES HEALTH","ELSEVIER","2667-3215","2667-3215","PUBLIC, ENVIRONMENTAL & OCCUPATIONAL HEALTH","ESCI","1,513","2.5"," 186/443 ",
"Journal of Occupational Medicine and Toxicology","J OCCUP MED TOXICOL","BMC","1745-6673","1745-6673","PUBLIC, ENVIRONMENTAL & OCCUPATIONAL HEALTH","SCIE","1,510","3.2"," 120/443 ",
"Journal of Climate Change and Health","J CLIM CHANGE HEALTH","ELSEVIER","N/A","2667-2782","PUBLIC, ENVIRONMENTAL & OCCUPATIONAL HEALTH","ESCI","1,508","4.5"," 58/443 ",
"Malawi Medical Journal","MALAWI MED J","Kamuzu Univ Health Sciences - KUHeS","1995-7262","1995-7270","PUBLIC, ENVIRONMENTAL & OCCUPATIONAL HEALTH","SCIE","1,487","0.9"," 390/443 ",
"International Journal of Injury Control and Safety Promotion","INT J INJ CONTROL SA","TAYLOR & FRANCIS LTD","1745-7300","1745-7319","PUBLIC, ENVIRONMENTAL & OCCUPATIONAL HEALTH","SSCI","1,474","2.7"," 160/443 ",
"Safety","SAFETY","MDPI","N/A","2313-576X","PUBLIC, ENVIRONMENTAL & OCCUPATIONAL HEALTH","ESCI","1,467","2.4"," 193/443 ",
"Australian Journal of Primary Health","AUST J PRIM HEALTH","CSIRO PUBLISHING","1448-7527","1836-7399","PUBLIC, ENVIRONMENTAL & OCCUPATIONAL HEALTH","SCIE, SSCI","1,463","1.4"," 341/443 ",
"JOURNAL OF PALLIATIVE CARE","J PALLIAT CARE","SAGE PUBLICATIONS INC","0825-8597","2369-5293","PUBLIC, ENVIRONMENTAL & OCCUPATIONAL HEALTH","SSCI","1,462","1.6"," 301/443 ",
"Sexual and Reproductive Health Matters","SEX REPROD HLTH MATT","TAYLOR & FRANCIS LTD","N/A","2641-0397","PUBLIC, ENVIRONMENTAL & OCCUPATIONAL HEALTH","SSCI","1,446","3.3"," 113/443 ",
"Environment & Health","ENVIRON HEALTH-WASH","AMER CHEMICAL SOC","2833-8278","2833-8278","PUBLIC, ENVIRONMENTAL & OCCUPATIONAL HEALTH","ESCI","1,443","8.8"," 18/443 ",
"Environmental Epidemiology","ENVIRON EPIDEMIOL","LIPPINCOTT WILLIAMS & WILKINS","N/A","2474-7882","PUBLIC, ENVIRONMENTAL & OCCUPATIONAL HEALTH","ESCI","1,419","4.2"," 71/443 ",
"SSM-Mental Health","SSM-MENT HEALTH","ELSEVIER","2666-5603","2666-5603","PUBLIC, ENVIRONMENTAL & OCCUPATIONAL HEALTH","ESCI","1,407","3.4"," 101/443 ",
"Indian Journal of Public Health","INDIAN J PUBLIC HLTH","WOLTERS KLUWER MEDKNOW PUBLICATIONS","0019-557X","2229-7693","PUBLIC, ENVIRONMENTAL & OCCUPATIONAL HEALTH","SCIE, SSCI","1,400","0.9"," 390/443 ",
"JOURNAL OF MEDICAL SCREENING","J MED SCREEN","SAGE PUBLICATIONS LTD","0969-1413","1475-5793","PUBLIC, ENVIRONMENTAL & OCCUPATIONAL HEALTH","SCIE","1,358","2.3"," 209/443 ",
"Aerospace Medicine and Human Performance","AEROSP MED HUM PERF","AEROSPACE MEDICAL ASSOC","2375-6314","2375-6322","PUBLIC, ENVIRONMENTAL & OCCUPATIONAL HEALTH","SCIE","1,338","0.8"," 401/443 ",
"Health and Human Rights","HEALTH HUM RIGHTS","HARVARD UNIV PRESS","N/A","2150-4113","PUBLIC, ENVIRONMENTAL & OCCUPATIONAL HEALTH","SSCI","1,316","2.2"," 218/443 ",
"Journal of Hunger & Environmental Nutrition","J HUNGER ENVIRON NUT","ROUTLEDGE JOURNALS, TAYLOR & FRANCIS LTD","1932-0248","1932-0256","PUBLIC, ENVIRONMENTAL & OCCUPATIONAL HEALTH","ESCI","1,311","1"," 379/443 ",
"ANNALI DELL ISTITUTO SUPERIORE DI SANITA","ANN I SUPER SANITA","Istituto Superiore Sanita","0021-2571","2384-8553","PUBLIC, ENVIRONMENTAL & OCCUPATIONAL HEALTH","SCIE","1,301","2.1"," 231/443 ",
"Families Systems & Health","FAM SYST HEALTH","EDUCATIONAL PUBLISHING FOUNDATION-AMERICAN PSYCHOLOGICAL ASSOC","1091-7527","1939-0602","PUBLIC, ENVIRONMENTAL & OCCUPATIONAL HEALTH","SCIE, SSCI","1,299","1.2"," 363/443 ",
"Chronic Illness","CHRONIC ILLN","SAGE PUBLICATIONS LTD","1742-3953","1745-9206","PUBLIC, ENVIRONMENTAL & OCCUPATIONAL HEALTH","SCIE, SSCI","1,266","1.4"," 341/443 ",
"Arhiv za Higijenu Rada i Toksikologiju-Archives of Industrial Hygiene and Toxicology","ARH HIG RADA TOKSIKO","Paradigm Publishing Services-De Gruyter Brill Sp Zoo","0004-1254","1848-6312","PUBLIC, ENVIRONMENTAL & OCCUPATIONAL HEALTH","SCIE","1,265","1.7"," 287/443 ",
"AIDS EDUCATION AND PREVENTION","AIDS EDUC PREV","GUILFORD PUBLICATIONS INC","0899-9546","1943-2755","PUBLIC, ENVIRONMENTAL & OCCUPATIONAL HEALTH","SSCI","1,257","1.5"," 325/443 ",
"Global Health Promotion","GLOB HEALTH PROMOT","SAGE PUBLICATIONS INC","1757-9759","1757-9767","PUBLIC, ENVIRONMENTAL & OCCUPATIONAL HEALTH","SSCI","1,257","1.5"," 325/443 ",
"Health Promotion and Chronic Disease Prevention in Canada-Research Policy and Practice","HEALTH PROMOT CHRON","PUBLIC HEALTH AGENCY CANADA","2368-738X","2368-738X","PUBLIC, ENVIRONMENTAL & OCCUPATIONAL HEALTH","SCIE","1,250","2.7"," 160/443 ",
"Israel Journal of Health Policy Research","ISR J HEALTH POLICY","BMC","2045-4015","2045-4015","PUBLIC, ENVIRONMENTAL & OCCUPATIONAL HEALTH","SSCI","1,224","2.4"," 193/443 ",
"Social Work in Public Health","SOC WORK PUBLIC HLTH","ROUTLEDGE JOURNALS, TAYLOR & FRANCIS LTD","1937-1918","1937-190X","PUBLIC, ENVIRONMENTAL & OCCUPATIONAL HEALTH","SSCI","1,214","1"," 379/443 ",
"Injury Epidemiology","INJURY EPIDEMIOL","BMC","N/A","2197-1714","PUBLIC, ENVIRONMENTAL & OCCUPATIONAL HEALTH","SCIE, SSCI","1,213","2.3"," 209/443 ",
"TROPICAL DOCTOR","TROP DOCT","SAGE PUBLICATIONS INC","0049-4755","1758-1133","PUBLIC, ENVIRONMENTAL & OCCUPATIONAL HEALTH","SCIE","1,180","0.6"," 417/443 ",
"Evolution Medicine and Public Health","EVOL MED PUBLIC HLTH","OXFORD UNIV PRESS","N/A","2050-6201","PUBLIC, ENVIRONMENTAL & OCCUPATIONAL HEALTH","SCIE","1,179","2.7"," 160/443 ",
"Public Health in Practice","PUBLIC HEALTH PRACT","ELSEVIER","2666-5352","2666-5352","PUBLIC, ENVIRONMENTAL & OCCUPATIONAL HEALTH","ESCI","1,154","2.2"," 218/443 ",
"Progress in Community Health Partnerships-Research Education and Action","PROG COMM HLTH PARTN","JOHNS HOPKINS UNIV PRESS","1557-0541","1557-055X","PUBLIC, ENVIRONMENTAL & OCCUPATIONAL HEALTH","SSCI","1,146","0.9"," 390/443 ",
"Cities & Health","CITIES HEALTH","TAYLOR & FRANCIS LTD","2374-8834","2374-8842","PUBLIC, ENVIRONMENTAL & OCCUPATIONAL HEALTH","ESCI","1,137","1.9"," 260/443 ",
"FAMILY & COMMUNITY HEALTH","FAM COMMUNITY HEALTH","LIPPINCOTT WILLIAMS & WILKINS","0160-6379","1550-5057","PUBLIC, ENVIRONMENTAL & OCCUPATIONAL HEALTH","SSCI","1,132","1.4"," 341/443 ",
"Osong Public Health and Research Perspectives","OSONG PUBLIC HEALTH","KOREA DISEASE CONTROL & PREVENTION AGENCY","2210-9099","2233-6052","PUBLIC, ENVIRONMENTAL & OCCUPATIONAL HEALTH","ESCI","1,114","1.4"," 341/443 ",
"International Journal of Sexual Health","INT J SEX HEALTH","ROUTLEDGE JOURNALS, TAYLOR & FRANCIS LTD","1931-7611","1931-762X","PUBLIC, ENVIRONMENTAL & OCCUPATIONAL HEALTH","SSCI","1,111","2.2"," 218/443 ",
"Journal of Family and Community Medicine","J FAM COMMUNITY MED","WOLTERS KLUWER MEDKNOW PUBLICATIONS","2230-8229","2229-340X","PUBLIC, ENVIRONMENTAL & OCCUPATIONAL HEALTH","ESCI","1,105","1.5"," 325/443 ",
"Public Health Research & Practice","PUBLIC HEALTH RES PR","CSIRO PUBLISHING","2204-2091","2204-2091","PUBLIC, ENVIRONMENTAL & OCCUPATIONAL HEALTH","ESCI","1,103","2.2"," 218/443 ",
"Annals of Occupational and Environmental Medicine","ANN OCCUP ENVIRON ME","Korean Soc Occupational & Environmental Medicine","2052-4374","2052-4374","PUBLIC, ENVIRONMENTAL & OCCUPATIONAL HEALTH","ESCI","1,085","3"," 133/443 ",
"Health & Justice","HEAL JUSTICE","SPRINGERNATURE","N/A","2194-7899","PUBLIC, ENVIRONMENTAL & OCCUPATIONAL HEALTH","ESCI","1,083","2.8"," 149/443 ",
"Health Systems & Reform","HEALTH SYST REFORM","ROUTLEDGE JOURNALS, TAYLOR & FRANCIS LTD","2328-8604","2328-8620","PUBLIC, ENVIRONMENTAL & OCCUPATIONAL HEALTH","SSCI","1,042","2.8"," 149/443 ",
"Indian Journal of Occupational and Environmental Medicine","INDIAN J OCCUP ENVIR","WOLTERS KLUWER MEDKNOW PUBLICATIONS","0973-2284","1998-3670","PUBLIC, ENVIRONMENTAL & OCCUPATIONAL HEALTH","ESCI","1,039","0.8"," 401/443 ",
"Spatial and Spatio-Temporal Epidemiology","SPAT SPATIO-TEMPORAL","ELSEVIER SCI LTD","1877-5845","1877-5853","PUBLIC, ENVIRONMENTAL & OCCUPATIONAL HEALTH","ESCI","1,025","1.5"," 325/443 ",
"Revista Espanola de Salud Publica","REV ESP SALUD PUBLIC","MINISTERIO DE SANIDAD Y CONSUMO","1135-5727","2173-9110","PUBLIC, ENVIRONMENTAL & OCCUPATIONAL HEALTH","SSCI","1,015","0.8"," 401/443 ",
"Journal of Migration and Health","J MIGRATION HEALTH","ELSEVIER","2666-6235","2666-6235","PUBLIC, ENVIRONMENTAL & OCCUPATIONAL HEALTH","ESCI","1,012","2.8"," 149/443 ",
"Geospatial Health","GEOSPATIAL HEALTH","UNIV NAPLES FEDERICO II","1827-1987","1970-7096","PUBLIC, ENVIRONMENTAL & OCCUPATIONAL HEALTH","SCIE","989","1.5"," 325/443 ",
"Parasite Epidemiology and Control","PARASITE EPIDEM CONT","ELSEVIER","2405-6731","2405-6731","PUBLIC, ENVIRONMENTAL & OCCUPATIONAL HEALTH","ESCI","987","2.4"," 193/443 ",
"Central European Journal of Public Health","CENT EUR J PUBL HEAL","NATL INST PUBLIC HEALTH","1210-7778","1803-1048","PUBLIC, ENVIRONMENTAL & OCCUPATIONAL HEALTH","SCIE, SSCI","984","0.9"," 390/443 ",
"HEALTH RISK & SOCIETY","HEALTH RISK SOC","ROUTLEDGE JOURNALS, TAYLOR & FRANCIS LTD","1369-8575","1469-8331","PUBLIC, ENVIRONMENTAL & OCCUPATIONAL HEALTH","SSCI","983","1.9"," 260/443 ",
"Journal of Safety Science and Resilience","J SAF SCI RESIL","KEAI PUBLISHING LTD","2096-7527","2666-4496","PUBLIC, ENVIRONMENTAL & OCCUPATIONAL HEALTH","ESCI","976","6.3"," 31/443 ",
"Saude e Sociedade","SAUDE SOC-SAO PAULO","UNIV SAO PAULO, FAC SAUDE PUBLICA","0104-1290","1984-0470","PUBLIC, ENVIRONMENTAL & OCCUPATIONAL HEALTH","SSCI","964","0.6"," 417/443 ",
"BMJ Public Health","BMJ PUBLIC HEALTH","BMJ PUBLISHING GROUP","N/A","2753-4294","PUBLIC, ENVIRONMENTAL & OCCUPATIONAL HEALTH","ESCI","948","1.7"," 287/443 ",
"International Journal of Population Data Science (IJPDS)","INT J POPUL DATA SCI","SWANSEA UNIV","N/A","2399-4908","PUBLIC, ENVIRONMENTAL & OCCUPATIONAL HEALTH","ESCI","944","2.7"," 160/443 ",
"JOURNAL OF ENVIRONMENTAL HEALTH","J ENVIRON HEALTH","NATL ENVIRON HEALTH ASSOC","0022-0892","0022-0892","PUBLIC, ENVIRONMENTAL & OCCUPATIONAL HEALTH","SCIE","932","1.5"," 325/443 ",
"Revista Peruana de Medicina Experimental y Salud Publica","REV PERU MED EXP SAL","Inst Nacional Salud - Peru","1726-4634","1726-4642","PUBLIC, ENVIRONMENTAL & OCCUPATIONAL HEALTH","ESCI","930","1.1"," 369/443 ",
"Medicina del Lavoro","MED LAV","MATTIOLI 1885","0025-7818","0025-7818","PUBLIC, ENVIRONMENTAL & OCCUPATIONAL HEALTH","SCIE","922","2.1"," 231/443 ",
"Health Education","HEALTH EDUC","EMERALD GROUP PUBLISHING LTD","0965-4283","1758-714X","PUBLIC, ENVIRONMENTAL & OCCUPATIONAL HEALTH","ESCI","922","1.4"," 341/443 ",
"Interface-Comunicacao Saude Educacao","INTERFACE-BOTUCATU","UNIV ESTADUAL PAULISTA-UNESP","1414-3283","1807-5762","PUBLIC, ENVIRONMENTAL & OCCUPATIONAL HEALTH","ESCI","892","0.5"," 421/443 ",
"Health Security","HEALTH SECUR","SAGE PUBLICATIONS INC","2326-5094","2326-5108","PUBLIC, ENVIRONMENTAL & OCCUPATIONAL HEALTH","SSCI","888","1.3"," 354/443 ",
"International Journal of Workplace Health Management","INT J WORKPLACE HEAL","EMERALD GROUP PUBLISHING LTD","1753-8351","1753-836X","PUBLIC, ENVIRONMENTAL & OCCUPATIONAL HEALTH","ESCI","885","2.4"," 193/443 ",
"Journal of Public Health in Africa","J PUBLIC HEALTH AFR","AOSIS","2038-9922","2038-9930","PUBLIC, ENVIRONMENTAL & OCCUPATIONAL HEALTH","ESCI","878","1.3"," 354/443 ",
"American Journal of Health Education","AM J HEALTH EDUC","ROUTLEDGE JOURNALS, TAYLOR & FRANCIS LTD","1932-5037","2168-3751","PUBLIC, ENVIRONMENTAL & OCCUPATIONAL HEALTH","ESCI","877","1"," 379/443 ",
"International Journal of Mental Health Promotion","INT J MENT HEALTH PR","TECH SCIENCE PRESS","1462-3730","2049-8543","PUBLIC, ENVIRONMENTAL & OCCUPATIONAL HEALTH","SSCI","874","1.8"," 273/443 ",
"Ethiopian Journal of Health Development","ETHIOP J HEALTH DEV","ADDIS ABABA UNIV, DEPT COMMUNITY HEALTH","1021-6790","1021-6790","PUBLIC, ENVIRONMENTAL & OCCUPATIONAL HEALTH","SCIE, SSCI","845","0.9"," 390/443 ",
"REVUE D EPIDEMIOLOGIE ET DE SANTE PUBLIQUE","REV EPIDEMIOL SANTE","MASSON EDITEUR","0398-7620","1773-0627","PUBLIC, ENVIRONMENTAL & OCCUPATIONAL HEALTH","SCIE","833","2.1"," 231/443 ",
"Journal of Research in Health Sciences","J RES HEALTH SCI","HAMADAN UNIV MEDICAL SCIENCES","2228-7795","2228-7809","PUBLIC, ENVIRONMENTAL & OCCUPATIONAL HEALTH","ESCI","817","2"," 246/443 ",
"Australian Journal of Emergency Management","AUST J EMERG MANAG","AUSTRALIAN EMERGENCY MANAGEMENT INST","1324-1540","1324-1540","PUBLIC, ENVIRONMENTAL & OCCUPATIONAL HEALTH","ESCI","813","1.4"," 341/443 ",
"ACS Chemical Health & Safety","ACS CHEM HEALTH SAFE","AMER CHEMICAL SOC","N/A","1878-0504","PUBLIC, ENVIRONMENTAL & OCCUPATIONAL HEALTH","ESCI","803","3.8"," 87/443 ",
"HLRP-Health Literacy Research and Practice","HLRP-HEALTH LIT RES","SLACK INC","2475-6024","2474-8307","PUBLIC, ENVIRONMENTAL & OCCUPATIONAL HEALTH","ESCI","802","1.6"," 301/443 ",
"PEC Innovation","PEC INNOV","ELSEVIER","N/A","2772-6282","PUBLIC, ENVIRONMENTAL & OCCUPATIONAL HEALTH","ESCI","794","2.1"," 231/443 ",
"JOURNAL OF THE EGYPTIAN PUBLIC HEALTH ASSOCIATION","J EGYPT PUBLIC HEAL","SPRINGER","N/A","2090-262X","PUBLIC, ENVIRONMENTAL & OCCUPATIONAL HEALTH","ESCI","790","2.4"," 193/443 ",
"Infection Prevention in Practice","INFECT PREV PRACT","ELSEVIER","2590-0889","2590-0889","PUBLIC, ENVIRONMENTAL & OCCUPATIONAL HEALTH","ESCI","781","2.6"," 173/443 ",
"Diving and Hyperbaric Medicine","DIVING HYPERB MED","SOUTH PACIFIC UNDERWATER MED SOC","1833-3516","1833-3516","PUBLIC, ENVIRONMENTAL & OCCUPATIONAL HEALTH","SCIE","775","1.3"," 354/443 ",
"Arts & Health","ARTS HEALTH","ROUTLEDGE JOURNALS, TAYLOR & FRANCIS LTD","1753-3015","1753-3023","PUBLIC, ENVIRONMENTAL & OCCUPATIONAL HEALTH","SSCI","758","1.5"," 325/443 ",
"Wellbeing Space and Society","WELLBEING SPACE SOC","ELSEVIER","2666-5581","2666-5581","PUBLIC, ENVIRONMENTAL & OCCUPATIONAL HEALTH","ESCI","753","2.9"," 139/443 ",
"Palliative Care & Social Practice","PALLIAT CARE SOC PR","SAGE PUBLICATIONS INC","2632-3524","2632-3524","PUBLIC, ENVIRONMENTAL & OCCUPATIONAL HEALTH","ESCI","753","2.7"," 160/443 ",
"One Health Outlook","ONE HEALTH OUTLOOK","BMC","2524-4655","2524-4655","PUBLIC, ENVIRONMENTAL & OCCUPATIONAL HEALTH","ESCI","738","5.9"," 34/443 ",
"Implementation Research and Practice","IMPLEMENT RES PRACT","SAGE PUBLICATIONS INC","2633-4895","2633-4895","PUBLIC, ENVIRONMENTAL & OCCUPATIONAL HEALTH","ESCI","733","2.2"," 218/443 ",
"Public Health Genomics","PUBLIC HEALTH GENOM","KARGER","1662-4246","1662-8063","PUBLIC, ENVIRONMENTAL & OCCUPATIONAL HEALTH","SCIE, SSCI","723","2.2"," 218/443 ",
"Global Health & Medicine","GLOB HLTH MED-JPN","Natl Ctr Global Health and Medicine - NCGM","2434-9186","2434-9194","PUBLIC, ENVIRONMENTAL & OCCUPATIONAL HEALTH","ESCI","721","2.3"," 209/443 ",
"Canadian Journal of Human Sexuality","CAN J HUM SEX","UNIV TORONTO PRESS INC","1188-4517","2291-7063","PUBLIC, ENVIRONMENTAL & OCCUPATIONAL HEALTH","ESCI","720","0.8"," 401/443 ",
"Biosafety and Health","BIOSAF HEALTH","ELSEVIER","2096-6962","2590-0536","PUBLIC, ENVIRONMENTAL & OCCUPATIONAL HEALTH","ESCI","718","2.8"," 149/443 ",
"Journal of Mens Health","J MENS HEALTH","MRE PRESS","1875-6867","1875-6859","PUBLIC, ENVIRONMENTAL & OCCUPATIONAL HEALTH","SCIE, SSCI","696","0.7"," 412/443 ",
"Cadernos Brasileiros de Terapia Ocupacional-Brazilian Journal of Occupational Therapy","CAD BRAS TER OCUP","CUBA EDITORA","2526-8910","2526-8910","PUBLIC, ENVIRONMENTAL & OCCUPATIONAL HEALTH","ESCI","691","0.9"," 390/443 ",
"AJPM Focus","AJPM FOCUS","ELSEVIER","N/A","2773-0654","PUBLIC, ENVIRONMENTAL & OCCUPATIONAL HEALTH","ESCI","681","2.8"," 149/443 ",
"Anthropology & Medicine","ANTHROPOL MED","ROUTLEDGE JOURNALS, TAYLOR & FRANCIS LTD","1364-8470","1469-2910","PUBLIC, ENVIRONMENTAL & OCCUPATIONAL HEALTH","SSCI","679","1"," 379/443 ",
"Journal of Correctional Health Care","J CORRECT HEALTH CAR","SAGE PUBLICATIONS INC","1078-3458","1940-5200","PUBLIC, ENVIRONMENTAL & OCCUPATIONAL HEALTH","SSCI","671","0.8"," 401/443 ",
"AJAR-African Journal of AIDS Research","AJAR-AFR J AIDS RES","TAYLOR & FRANCIS LTD","1608-5906","1727-9445","PUBLIC, ENVIRONMENTAL & OCCUPATIONAL HEALTH","SCIE, SSCI","665","1.3"," 354/443 ",
"Tropical Diseases Travel Medicine and Vaccines","TROP DIS TRAVEL MED","SPRINGERNATURE","2055-0936","2055-0936","PUBLIC, ENVIRONMENTAL & OCCUPATIONAL HEALTH","ESCI","644","3.1"," 128/443 ",
"Global Transitions","GLOB TRANSIT","KEAI PUBLISHING LTD","2589-7918","2589-7918","PUBLIC, ENVIRONMENTAL & OCCUPATIONAL HEALTH","ESCI","641","4.2"," 71/443 ",
"Journal of Public Mental Health","J PUBLIC MENT HEALTH","EMERALD GROUP PUBLISHING LTD","1746-5729","2042-8731","PUBLIC, ENVIRONMENTAL & OCCUPATIONAL HEALTH","ESCI","637","1"," 379/443 ",
"Sante Publique","SANTE PUBLIQUE","SOC FRANCAISE SANTE PUBLIQUE","0995-3914","2104-3841","PUBLIC, ENVIRONMENTAL & OCCUPATIONAL HEALTH","SCIE","634","0.4"," 425/443 ",
"CHILDRENS HEALTH CARE","CHILD HEALTH CARE","ROUTLEDGE JOURNALS, TAYLOR & FRANCIS LTD","0273-9615","1532-6888","PUBLIC, ENVIRONMENTAL & OCCUPATIONAL HEALTH","SSCI","631","1"," 379/443 ",
"FLUORIDE","FLUORIDE","INT SOC FLUORIDE RESEARCH","0015-4725","2253-4083","PUBLIC, ENVIRONMENTAL & OCCUPATIONAL HEALTH","SCIE","629","0.8"," 401/443 ",
"Public Health Action","PUBLIC HEALTH ACTION","INT UNION AGAINST TUBERCULOSIS and LUNG DISEASE (I U A T L D)","2220-8372","2220-8372","PUBLIC, ENVIRONMENTAL & OCCUPATIONAL HEALTH","ESCI","623","1.6"," 301/443 ",
"Discover Public Health","DISCOV PUBLIC HEALTH","BMC","N/A","3005-0774","PUBLIC, ENVIRONMENTAL & OCCUPATIONAL HEALTH","ESCI","621","1.3"," 354/443 ",
"Journal of Arthropod-Borne Diseases","J ARTHROPOD-BORNE DI","IRANIAN SCIENTIFIC SOCIETY MEDICAL ENTOMOLOGY","2322-1984","2322-2271","PUBLIC, ENVIRONMENTAL & OCCUPATIONAL HEALTH","SCIE","621","1.3"," 354/443 ",
"International Maritime Health","INT MARIT HEALTH","VIA MEDICA","1641-9251","2081-3252","PUBLIC, ENVIRONMENTAL & OCCUPATIONAL HEALTH","ESCI","620","1.2"," 363/443 ",
"Epidemiologia & Prevenzione","EPIDEMIOL PREV","INFERENZE SCARL","1120-9763","2385-1937","PUBLIC, ENVIRONMENTAL & OCCUPATIONAL HEALTH","SCIE, SSCI","616","0.8"," 401/443 ",
"Public Health Ethics","PUBLIC HEALTH ETH-UK","OXFORD UNIV PRESS","1754-9973","1754-9981","PUBLIC, ENVIRONMENTAL & OCCUPATIONAL HEALTH","SCIE, SSCI","614","4.3"," 66/443 ",
"Advances in Public Health","ADV PUBLIC HLTH","WILEY","2356-6868","2314-7784","PUBLIC, ENVIRONMENTAL & OCCUPATIONAL HEALTH","ESCI","613","1.7"," 287/443 ",
"World Medical & Health Policy","WORLD MED HEALTH POL","WILEY","1948-4682","1948-4682","PUBLIC, ENVIRONMENTAL & OCCUPATIONAL HEALTH","ESCI","610","1.6"," 301/443 ",
"RADIOPROTECTION","RADIOPROTECTION","EDP SCIENCES S A","0033-8451","1769-700X","PUBLIC, ENVIRONMENTAL & OCCUPATIONAL HEALTH","SCIE","605","1.8"," 273/443 ",
"Occupational Health Science","OCCUP HEALTH SCI","SPRINGERNATURE","2367-0134","2367-0142","PUBLIC, ENVIRONMENTAL & OCCUPATIONAL HEALTH","ESCI","601","2.4"," 193/443 ",
"Emerging Themes in Epidemiology","EMERG THEMES EPIDEMI","BMC","N/A","1742-7622","PUBLIC, ENVIRONMENTAL & OCCUPATIONAL HEALTH","ESCI","599","5.5"," 42/443 ",
"Journal of Workplace Behavioral Health","J WORKPLACE BEHAV HE","ROUTLEDGE JOURNALS, TAYLOR & FRANCIS LTD","1555-5240","1555-5259","PUBLIC, ENVIRONMENTAL & OCCUPATIONAL HEALTH","ESCI","598","2"," 246/443 ",
"Longitudinal and Life Course Studies","LONGITUD LIFE COURSE","BRISTOL UNIV PRESS & POLICY PRESS","1757-9597","1757-9597","PUBLIC, ENVIRONMENTAL & OCCUPATIONAL HEALTH","SSCI","593","1.1"," 369/443 ",
"Medycyna Pracy-Workers Health and Safety","MED PR","NOFER INST OCCUPATIONAL MEDICINE, POLAND","0465-5893","2353-1339","PUBLIC, ENVIRONMENTAL & OCCUPATIONAL HEALTH","SCIE","589","1"," 379/443 ",
"Science in One Health","SCI ONE HEALTH","ELSEVIER","N/A","2949-7043","PUBLIC, ENVIRONMENTAL & OCCUPATIONAL HEALTH","ESCI","578","9.3"," 15/443 ",
"Frontiers in Epidemiology","FRONT EPIDEMIOL","FRONTIERS MEDIA SA","N/A","2674-1199","PUBLIC, ENVIRONMENTAL & OCCUPATIONAL HEALTH","ESCI","566","2.9"," 139/443 ",
"JMIR Infodemiology","JMIR INFODEMIOL","JMIR PUBLICATIONS, INC","N/A","2564-1891","PUBLIC, ENVIRONMENTAL & OCCUPATIONAL HEALTH","ESCI","564","4"," 79/443 ",
"GMS Hygiene and Infection Control","GMS HYG INFECT CONTR","GERMAN MEDICAL SCIENCE-GMS","2196-5226","2196-5226","PUBLIC, ENVIRONMENTAL & OCCUPATIONAL HEALTH","ESCI","556","1.1"," 369/443 ",
"BMC Global and Public Health","BMC GLOB PUBLIC HEAL","SPRINGERNATURE","N/A","2731-913X","PUBLIC, ENVIRONMENTAL & OCCUPATIONAL HEALTH","ESCI","549","5.1"," 51/443 ",
"Epidemiologia","EPIDEMIOLOGIA-BASEL","MDPI","N/A","2673-3986","PUBLIC, ENVIRONMENTAL & OCCUPATIONAL HEALTH","ESCI","546","3.2"," 120/443 ",
"New Solutions-A Journal of Environmental and Occupational Health Policy","NEW SOLUT","SAGE PUBLICATIONS INC","1048-2911","1541-3772","PUBLIC, ENVIRONMENTAL & OCCUPATIONAL HEALTH","ESCI","538","1.1"," 369/443 ",
"Health Scope","HEALTH SCOPE","BRIEFLANDS","2251-8959","2251-9513","PUBLIC, ENVIRONMENTAL & OCCUPATIONAL HEALTH","ESCI","536","1.4"," 341/443 ",
"Infection Disease & Health","INFECT DIS HEALTH","ELSEVIER INC","2468-0451","2468-0451","PUBLIC, ENVIRONMENTAL & OCCUPATIONAL HEALTH","ESCI","515","1.7"," 287/443 ",
"Anales del Sistema Sanitario De Navarra","AN SIST SANIT NAVAR","GOBIERNO DE NAVARRA","1137-6627","2340-3527","PUBLIC, ENVIRONMENTAL & OCCUPATIONAL HEALTH","SCIE, SSCI","496","1.1"," 369/443 ",
"Slovenian Journal of Public Health","SLOVEN J PUBLIC HEAL","INST PUBLIC HEALTH REPUBLIC SLOVENIA","0351-0026","1854-2476","PUBLIC, ENVIRONMENTAL & OCCUPATIONAL HEALTH","SSCI","491","1.9"," 260/443 ",
"Journal of Infection Prevention","J INFECT PREVENT","SAGE PUBLICATIONS LTD","1757-1774","1757-1782","PUBLIC, ENVIRONMENTAL & OCCUPATIONAL HEALTH","ESCI","471","1"," 379/443 ",
"Ethics, Medicine and Public Health","ETHICS MED PUBLIC HL","ELSEVIER","2352-5525","2352-5533","PUBLIC, ENVIRONMENTAL & OCCUPATIONAL HEALTH","ESCI","454","1"," 379/443 ",
"COVID","COVID-BASEL","MDPI","N/A","2673-8112","PUBLIC, ENVIRONMENTAL & OCCUPATIONAL HEALTH","ESCI","454","0.9"," 390/443 ",
"Hygiene and Environmental Health Advances","HYG ENVIRON HLTH ADV","ELSEVIER","N/A","2773-0492","PUBLIC, ENVIRONMENTAL & OCCUPATIONAL HEALTH","ESCI","452","4.4"," 60/443 ",
"Journal of Military Veteran and Family Health","J MIL VETERAN FAM HL","UNIV TORONTO PRESS INC","N/A","2368-7924","PUBLIC, ENVIRONMENTAL & OCCUPATIONAL HEALTH","ESCI","450","0.8"," 401/443 ",
"Journal of Prevention","J PREV","SPRINGER","2731-5533","2731-5541","PUBLIC, ENVIRONMENTAL & OCCUPATIONAL HEALTH","SSCI","446","2.5"," 186/443 ",
"International Journal of Migration Health and Social Care","INT J MIGR HEALTH SO","EMERALD GROUP PUBLISHING LTD","1747-9894","2042-8650","PUBLIC, ENVIRONMENTAL & OCCUPATIONAL HEALTH","ESCI","442","0.8"," 401/443 ",
"Journal of Multimorbidity and Comorbidity","J MULTIMORB COMORB","SAGE PUBLICATIONS INC","N/A","2633-5565","PUBLIC, ENVIRONMENTAL & OCCUPATIONAL HEALTH","ESCI","434","2.7"," 160/443 ",
"Indian Journal of Community Health","INDAN J COMMUNITY HE","INDIAN ASSOC PREVENTIVE & SOCIAL MEDICINE","0971-7587","2248-9509","PUBLIC, ENVIRONMENTAL & OCCUPATIONAL HEALTH","ESCI","431","0.4"," 425/443 ",
"International Journal of Indigenous Health","INT J INDIG HEALTH","UNIV VICTORIA CENTRE ABORIGINAL HEALTH RESEARCH","2291-9368","2291-9376","PUBLIC, ENVIRONMENTAL & OCCUPATIONAL HEALTH","ESCI","429","0.7"," 412/443 ",
"Western Pacific Surveillance and Response","WEST PAC SURVEILL RE","WORLD HEALTH ORGANIZATION, REGIONAL OFFICE WESTERN PACIFIC","2094-7321","2094-7313","PUBLIC, ENVIRONMENTAL & OCCUPATIONAL HEALTH","ESCI","426","1.6"," 301/443 ",
"Public Health Challenges","PUBLIC HEALTH CHALL","WILEY","N/A","2769-2450","PUBLIC, ENVIRONMENTAL & OCCUPATIONAL HEALTH","ESCI","424","1.8"," 273/443 ",
"Applied Biosafety","APPL BIOSAF","SAGE PUBLICATIONS INC","1535-6760","2470-1246","PUBLIC, ENVIRONMENTAL & OCCUPATIONAL HEALTH","ESCI","412","1.9"," 260/443 ",
"Science of Diabetes Self-Management and Care","SCI DIABETES SELF-MA","SAGE PUBLICATIONS INC","2635-0106","2635-0114","PUBLIC, ENVIRONMENTAL & OCCUPATIONAL HEALTH","SSCI","408","1.7"," 287/443 ",
"Salud Colectiva","SALUD COLECT","UNIVERSIDAD NACIONAL DE LANUS","1669-2381","1851-8265","PUBLIC, ENVIRONMENTAL & OCCUPATIONAL HEALTH","SSCI","401","1.1"," 369/443 ",
"PROGRESS IN PALLIATIVE CARE","PROG PALLIAT CARE","ROUTLEDGE JOURNALS, TAYLOR & FRANCIS LTD","0969-9260","1743-291X","PUBLIC, ENVIRONMENTAL & OCCUPATIONAL HEALTH","ESCI","386","0.7"," 412/443 ",
"Pravention und Gesundheitsforderung","PRAVENT GESUNDHEIT","SPRINGER HEIDELBERG","1861-6755","1861-6763","PUBLIC, ENVIRONMENTAL & OCCUPATIONAL HEALTH","ESCI","379","0.4"," 425/443 ",
"Journal of Biosafety and Biosecurity","J BIOSAF BIOSECUR","KEAI PUBLISHING LTD","2097-2105","2588-9338","PUBLIC, ENVIRONMENTAL & OCCUPATIONAL HEALTH","ESCI","375","3.5"," 96/443 ",
"Tobacco Use Insights","TOB USE INSIGHTS","SAGE PUBLICATIONS LTD","1179-173X","1179-173X","PUBLIC, ENVIRONMENTAL & OCCUPATIONAL HEALTH","ESCI","374","1.8"," 273/443 ",
"INTERNATIONAL JOURNAL OF RISK & SAFETY IN MEDICINE","INT J RISK SAF MED","SAGE PUBLICATIONS INC","0924-6479","1878-6847","PUBLIC, ENVIRONMENTAL & OCCUPATIONAL HEALTH","ESCI","374","0.9"," 390/443 ",
"Puerto Rico Health Sciences Journal","P R HEALTH SCI J","UNIV PUERTO RICO MEDICAL SCIENCES CAMPUS","0738-0658","2373-6011","PUBLIC, ENVIRONMENTAL & OCCUPATIONAL HEALTH","SCIE","370","0.3"," 433/443 ",
"Pedagogy in Health Promotion","PEDAGOGY HEAL PROMOT","SAGE PUBLICATIONS INC","2373-3799","2373-3802","PUBLIC, ENVIRONMENTAL & OCCUPATIONAL HEALTH","ESCI","368","1.3"," 354/443 ",
"Hispanic Health Care International","HISP HEALTH CARE INT","SAGE PUBLICATIONS INC","1540-4153","1938-8993","PUBLIC, ENVIRONMENTAL & OCCUPATIONAL HEALTH","ESCI","363","1.3"," 354/443 ",
"Journal of Agricultural Safety and Health","J AGRIC SAF HEALTH","AMER SOC AGRICULTURAL & BIOLOGICAL ENGINEERS","1074-7583","1943-7846","PUBLIC, ENVIRONMENTAL & OCCUPATIONAL HEALTH","ESCI","349","1"," 379/443 ",
"Womens Reproductive Health","WOMEN REPROD HEALTH","TAYLOR & FRANCIS LTD","2329-3691","2329-3713","PUBLIC, ENVIRONMENTAL & OCCUPATIONAL HEALTH","ESCI","346","1.6"," 301/443 ",
"One Health Advances","ONE HEALTH ADV","SPRINGERNATURE","N/A","2731-9970","PUBLIC, ENVIRONMENTAL & OCCUPATIONAL HEALTH","ESCI","332","5"," 53/443 ",
"Nepal Journal of Epidemiology","NEPAL J EPIDEMIOL","INT NEPAL EPIDEMIOLOGICAL ASSOC","2091-0800","2091-0800","PUBLIC, ENVIRONMENTAL & OCCUPATIONAL HEALTH","ESCI","331","1.4"," 341/443 ",
"Sahara J-Journal of Social Aspects of HIV-AIDS","SAHARA J-J SOC ASP H","TAYLOR & FRANCIS LTD","1729-0376","1813-4424","PUBLIC, ENVIRONMENTAL & OCCUPATIONAL HEALTH","SSCI","329","0.6"," 417/443 ",
"Community Health Equity Research & Policy","COMMUNITY HLTH EQUIT","SAGE PUBLICATIONS INC","2752-535X","2752-5368","PUBLIC, ENVIRONMENTAL & OCCUPATIONAL HEALTH","ESCI","322","2.2"," 218/443 ",
"Current Medicine Research and Practice","CURR MED RES PRACT","WOLTERS KLUWER MEDKNOW PUBLICATIONS","2352-0817","2352-0825","PUBLIC, ENVIRONMENTAL & OCCUPATIONAL HEALTH","ESCI","310","0.4"," 425/443 ",
"Environmental Research: Health","ENVIRON RES-HEALTH","IOP Publishing Ltd","N/A","2752-5309","PUBLIC, ENVIRONMENTAL & OCCUPATIONAL HEALTH","ESCI","301","3"," 133/443 ",
"Sexologies","SEXOLOGIES","JLE","1158-1360","1878-1829","PUBLIC, ENVIRONMENTAL & OCCUPATIONAL HEALTH","ESCI","291","0.1"," 440/443 ",
"JOURNAL OF CONSUMER HEALTH ON THE INTERNET","J CONS HLTH INTERNET","ROUTLEDGE JOURNALS, TAYLOR & FRANCIS LTD","1539-8285","1539-8293","PUBLIC, ENVIRONMENTAL & OCCUPATIONAL HEALTH","ESCI","285","0.8"," 401/443 ",
"Health Behavior and Policy Review","HEALTH BEHAV POLICY","PARIS SCHOLAR PUBLISHING LTD","2326-4403","2326-4403","PUBLIC, ENVIRONMENTAL & OCCUPATIONAL HEALTH","ESCI","277","0.5"," 421/443 ",
"Global Health Epidemiology and Genomics","GLOB HEALTH EPIDEM G","WILEY","2054-4200","2054-4200","PUBLIC, ENVIRONMENTAL & OCCUPATIONAL HEALTH","ESCI","269","2.9"," 139/443 ",
"Discover Social Science and Health","DISCOV SOC SCI HLTH","SPRINGERNATURE","N/A","2731-0469","PUBLIC, ENVIRONMENTAL & OCCUPATIONAL HEALTH","ESCI","259","1.5"," 325/443 ",
"Hygiene","HYGIENE-BASEL","MDPI","N/A","2673-947X","PUBLIC, ENVIRONMENTAL & OCCUPATIONAL HEALTH","ESCI","256","2.3"," 209/443 ",
"Asian Journal of Social Health and Behavior","ASIAN J SOC HEAL BEH","WOLTERS KLUWER MEDKNOW PUBLICATIONS","N/A","2772-4204","PUBLIC, ENVIRONMENTAL & OCCUPATIONAL HEALTH","ESCI","249","1.7"," 287/443 ",
"Women","WOMEN-BASEL","MDPI","N/A","2673-4184","PUBLIC, ENVIRONMENTAL & OCCUPATIONAL HEALTH","ESCI","247","1.6"," 301/443 ",
"KONTAKT-JOURNAL OF NURSING AND SOCIAL SCIENCES RELATED TO HEALTH AND ILLNESS","KONTAKT-CZECH REPUB","Univ South Bohemia Ceske Budejovice, Fac Health Social Sciences","1212-4117","1804-7122","PUBLIC, ENVIRONMENTAL & OCCUPATIONAL HEALTH","ESCI","245","0.5"," 421/443 ",
"Journal of Activity, Sedentary and Sleep Behaviors","J ACT SEDENT SLEEP B","SPRINGERNATURE","N/A","2731-4391","PUBLIC, ENVIRONMENTAL & OCCUPATIONAL HEALTH","ESCI","239","3.3"," 113/443 ",
"Journal of Environmental Exposure Assessment","J ENVIRON EXPO ASSES","OAE PUBLISHING INC","N/A","2771-5949","PUBLIC, ENVIRONMENTAL & OCCUPATIONAL HEALTH","ESCI","234","2.7"," 160/443 ",
"International Journal of Noncommunicable Diseases","INT J NONCOMMUN DIS","WOLTERS KLUWER MEDKNOW PUBLICATIONS","2468-8827","2468-8835","PUBLIC, ENVIRONMENTAL & OCCUPATIONAL HEALTH","ESCI","216","0.7"," 412/443 ",
"Journal of Public Health and Emergency","J PUBLIC HLTH EMERG","AME PUBLISHING COMPANY","N/A","2520-0054","PUBLIC, ENVIRONMENTAL & OCCUPATIONAL HEALTH","ESCI","208","1.4"," 341/443 ",
"International Journal of One Health","INT J ONE HEALTH","VETERINARY WORLD","2455-5673","2455-8931","PUBLIC, ENVIRONMENTAL & OCCUPATIONAL HEALTH","ESCI","205","1.4"," 341/443 ",
"Journal of Health Literacy","J HEALTH LIT","Mashhad Univ Med Sciences-Iranian Assoc Health Educ & Health Promotion","N/A","2476-4728","PUBLIC, ENVIRONMENTAL & OCCUPATIONAL HEALTH","ESCI","188","0.6"," 417/443 ",
"Kesmas-National Public Health Journal","KESMAS","UNIV INDONESIA","1907-7505","2460-0601","PUBLIC, ENVIRONMENTAL & OCCUPATIONAL HEALTH","ESCI","185","0.4"," 425/443 ",
"Journal of Health and Safety at Work","J HEALTH SAF WORK","IRANIAN OCCUPATIONAL HEALTH ASSOC","2251-807X","2383-2088","PUBLIC, ENVIRONMENTAL & OCCUPATIONAL HEALTH","ESCI","184","0.5"," 421/443 ",
"Archives des Maladies Professionnelles et de l Environnement","ARCH MAL PROF ENVIRO","ELSEVIER SCIENCE INC","1775-8785","1778-4190","PUBLIC, ENVIRONMENTAL & OCCUPATIONAL HEALTH","SCIE","181","0.4"," 425/443 ",
"Zentralblatt fur Arbeitsmedizin Arbeitsschutz und Ergonomie","ZENTRALBLATT ARB ARB","SPRINGER HEIDELBERG","0944-2502","2198-0713","PUBLIC, ENVIRONMENTAL & OCCUPATIONAL HEALTH","ESCI","171","0.7"," 412/443 ",
"Mundo da Saude","MUNDO SAUDE","CENTRO UNIV SAO CAMILO","0104-7809","1980-3990","PUBLIC, ENVIRONMENTAL & OCCUPATIONAL HEALTH","ESCI","163","0.2"," 435/443 ",
"CABI One Health","CABI ONE HEALTH","CABI PUBLISHING","N/A","2791-223X","PUBLIC, ENVIRONMENTAL & OCCUPATIONAL HEALTH","ESCI","154","2.9"," 139/443 ",
"Journal of Marine Medical Society","J MAR MED SOC","WOLTERS KLUWER MEDKNOW PUBLICATIONS","0975-3605","2589-1235","PUBLIC, ENVIRONMENTAL & OCCUPATIONAL HEALTH","ESCI","147","0.4"," 425/443 ",
"Traffic Safety Research","TRAFFIC SAF RES","Lund Univ, Dept Tech & Soc","N/A","2004-3082","PUBLIC, ENVIRONMENTAL & OCCUPATIONAL HEALTH","ESCI","146","1.1"," 369/443 ",
"International Archives of Health Sciences","INT ARCH HEALTH SCI","KASHAN UNIV MEDICAL SCIENCES","N/A","2383-2568","PUBLIC, ENVIRONMENTAL & OCCUPATIONAL HEALTH","ESCI","143","0.3"," 433/443 ",
"Journal of Epidemiology and Population Health","J EPIDEMIOL POPUL HL","MASSON EDITEUR","2950-4333","2950-4333","PUBLIC, ENVIRONMENTAL & OCCUPATIONAL HEALTH","SCIE","141","3.7"," 89/443 ",
"ACTA SCIENTIARUM-HEALTH SCIENCES","ACTA SCI-HEALTH SCI","UNIV ESTADUAL MARINGA, PRO-REITORIA PESQUISA POS-GRADUACAO","1679-9291","1807-8648","PUBLIC, ENVIRONMENTAL & OCCUPATIONAL HEALTH","ESCI","131","0.4"," 425/443 ",
"Portuguese Journal of Public Health","PORT J PUBLIC HEALTH","KARGER","2504-3137","2504-3145","PUBLIC, ENVIRONMENTAL & OCCUPATIONAL HEALTH","ESCI","129","0.9"," 390/443 ",
"Environnement Risques & Sante","ENVIRON RISQUE SANTE","JLE","1635-0421","1952-3998","PUBLIC, ENVIRONMENTAL & OCCUPATIONAL HEALTH","ESCI","101","0.2"," 435/443 ",
"Gesundheitsoekonomie und Qualitaetsmanagement","GESUNDH QUAL","THIEME MEDICAL PUBL INC","1432-2625","1439-4049","PUBLIC, ENVIRONMENTAL & OCCUPATIONAL HEALTH","ESCI","65","0.2"," 435/443 ",
"Revista de Salud Ambiental","REV SALUD AMBIENT","SOC ESPANOLA SANIDAD AMBIENTAL","1577-9572","1697-2791","PUBLIC, ENVIRONMENTAL & OCCUPATIONAL HEALTH","ESCI","60","0.2"," 435/443 ",
"Journal of the Dow University of Health Sciences","J DOW U HEALTH SCI","Dow Univ Health Sciences","1995-2198","2410-2180","PUBLIC, ENVIRONMENTAL & OCCUPATIONAL HEALTH","ESCI","48","0.1"," 440/443 ",
"Revista de Salud Publica-Cordoba","REV SALUD PUBLICA-CO","UNIV NAC CORDOBA, ESCUELA SALUD PUBLICA","1853-1180","1852-9429","PUBLIC, ENVIRONMENTAL & OCCUPATIONAL HEALTH","ESCI","34","<0.1"," 442/443 ",
"Comunidad y Salud","COMUNIDAD SALUD","UNIV CARABOBO","1690-3293","1690-3293","PUBLIC, ENVIRONMENTAL & OCCUPATIONAL HEALTH","ESCI","21","<0.1"," 442/443 ",
"Polish Hyperbaric Research","POL HYPERB RES","Paradigm Publishing Services-De Gruyter Brill Sp Zoo","1734-7009","2084-0535","PUBLIC, ENVIRONMENTAL & OCCUPATIONAL HEALTH","ESCI","19","0.2"," 435/443 ",

Copyright (c) 2026 Clarivate 
By exporting the selected data; you agree to the data usage policy set forth in the Terms of Use 
